Sat Jul 25 19:40:12 2026       
+-----------------------------------------------------------------------------------------+
| NVIDIA-SMI 590.44.01              Driver Version: 590.44.01      CUDA Version: 13.1     |
+-----------------------------------------+------------------------+----------------------+
| GPU  Name                 Persistence-M | Bus-Id          Disp.A | Volatile Uncorr. ECC |
| Fan  Temp   Perf          Pwr:Usage/Cap |           Memory-Usage | GPU-Util  Compute M. |
|                                         |                        |               MIG M. |
|=========================================+========================+======================|
|   0  NVIDIA H100 NVL                Off |   00000000:C3:00.0 Off |                    0 |
| N/A   29C    P0             58W /  350W |       0MiB /  95830MiB |      0%      Default |
|                                         |                        |             Disabled |
+-----------------------------------------+------------------------+----------------------+

+-----------------------------------------------------------------------------------------+
| Processes:                                                                              |
|  GPU   GI   CI              PID   Type   Process name                        GPU Memory |
|        ID   ID                                                               Usage      |
|=========================================================================================|
|  No running processes found                                                             |
+-----------------------------------------------------------------------------------------+
CUDA available: True
GPU: NVIDIA H100 NVL
INFO 07-25 19:40:29 [__init__.py:256] Automatically detected platform cuda.
train=4730 dev=960 test=1592
[B5] training-derived V/A centroids: {
  "neutral": [
    -0.003320179948586117,
    -0.13121221079691517
  ],
  "frustration": [
    -0.3720630113141863,
    0.07629791122715406
  ],
  "sadness": [
    -0.35137591339648166,
    -0.2428958051420839
  ],
  "anger": [
    -0.5614154008438819,
    0.3260663853727145
  ],
  "excited": [
    0.5061829032258064,
    0.31055112903225807
  ],
  "happiness": [
    0.4672617346938776,
    0.050170153061224486
  ]
}
Sliding Window Attention is enabled but not implemented for `eager`; unexpected results may be encountered.

Loading checkpoint shards:   0%|          | 0/2 [00:00<?, ?it/s]
Loading checkpoint shards:  50%|█████     | 1/2 [00:00<00:00,  1.24it/s]
Loading checkpoint shards: 100%|██████████| 2/2 [00:01<00:00,  1.67it/s]
Loading checkpoint shards: 100%|██████████| 2/2 [00:01<00:00,  1.58it/s]
[SFT] verified completion-only mask; first trainable token index=139
No label_names provided for model class `PeftModelForCausalLM`. Since `PeftModel` hides base models input arguments, if label_names is not given, label_names can't be set automatically within `Trainer`. Note that empty label_names list will be used instead.

  0%|          | 0/1182 [00:00<?, ?it/s]
  0%|          | 1/1182 [00:02<45:47,  2.33s/it]
  0%|          | 2/1182 [00:03<31:01,  1.58s/it]
  0%|          | 3/1182 [00:04<26:13,  1.33s/it]
  0%|          | 4/1182 [00:05<23:55,  1.22s/it]
  0%|          | 5/1182 [00:06<22:39,  1.16s/it]
  1%|          | 6/1182 [00:07<21:52,  1.12s/it]
  1%|          | 7/1182 [00:08<21:22,  1.09s/it]
  1%|          | 8/1182 [00:09<21:01,  1.07s/it]
  1%|          | 9/1182 [00:10<20:46,  1.06s/it]
  1%|          | 10/1182 [00:11<20:35,  1.05s/it]
  1%|          | 11/1182 [00:12<20:28,  1.05s/it]
  1%|          | 12/1182 [00:13<20:24,  1.05s/it]
  1%|          | 13/1182 [00:14<20:20,  1.04s/it]
  1%|          | 14/1182 [00:15<20:18,  1.04s/it]
  1%|▏         | 15/1182 [00:16<20:15,  1.04s/it]
  1%|▏         | 16/1182 [00:17<20:15,  1.04s/it]
  1%|▏         | 17/1182 [00:18<20:13,  1.04s/it]
  2%|▏         | 18/1182 [00:20<20:20,  1.05s/it]
  2%|▏         | 19/1182 [00:21<20:17,  1.05s/it]
  2%|▏         | 20/1182 [00:22<20:12,  1.04s/it]
                                                 
{'loss': 2.8865, 'grad_norm': 6.670027732849121, 'learning_rate': 9.839255499153977e-06, 'epoch': 0.03}

  2%|▏         | 20/1182 [00:22<20:12,  1.04s/it]
  2%|▏         | 21/1182 [00:23<20:08,  1.04s/it]
  2%|▏         | 22/1182 [00:24<20:11,  1.04s/it]
  2%|▏         | 23/1182 [00:25<20:08,  1.04s/it]
  2%|▏         | 24/1182 [00:26<20:06,  1.04s/it]
  2%|▏         | 25/1182 [00:27<20:05,  1.04s/it]
  2%|▏         | 26/1182 [00:28<20:06,  1.04s/it]
  2%|▏         | 27/1182 [00:29<20:05,  1.04s/it]
  2%|▏         | 28/1182 [00:30<20:04,  1.04s/it]
  2%|▏         | 29/1182 [00:31<20:01,  1.04s/it]
  3%|▎         | 30/1182 [00:32<20:02,  1.04s/it]
  3%|▎         | 31/1182 [00:33<20:00,  1.04s/it]
  3%|▎         | 32/1182 [00:34<19:59,  1.04s/it]
  3%|▎         | 33/1182 [00:35<19:56,  1.04s/it]
  3%|▎         | 34/1182 [00:36<19:55,  1.04s/it]
  3%|▎         | 35/1182 [00:37<19:54,  1.04s/it]
  3%|▎         | 36/1182 [00:38<19:54,  1.04s/it]
  3%|▎         | 37/1182 [00:39<19:53,  1.04s/it]
  3%|▎         | 38/1182 [00:40<19:52,  1.04s/it]
  3%|▎         | 39/1182 [00:41<19:53,  1.04s/it]
  3%|▎         | 40/1182 [00:42<19:52,  1.04s/it]
                                                 
{'loss': 1.0596, 'grad_norm': 3.649653434753418, 'learning_rate': 9.67005076142132e-06, 'epoch': 0.07}

  3%|▎         | 40/1182 [00:42<19:52,  1.04s/it]
  3%|▎         | 41/1182 [00:44<19:51,  1.04s/it]
  4%|▎         | 42/1182 [00:45<19:51,  1.04s/it]
  4%|▎         | 43/1182 [00:46<19:52,  1.05s/it]
  4%|▎         | 44/1182 [00:47<19:48,  1.04s/it]
  4%|▍         | 45/1182 [00:48<19:47,  1.04s/it]
  4%|▍         | 46/1182 [00:49<19:44,  1.04s/it]
  4%|▍         | 47/1182 [00:50<19:44,  1.04s/it]
  4%|▍         | 48/1182 [00:51<19:43,  1.04s/it]
  4%|▍         | 49/1182 [00:52<19:42,  1.04s/it]
  4%|▍         | 50/1182 [00:53<19:41,  1.04s/it]
  4%|▍         | 51/1182 [00:54<19:38,  1.04s/it]
  4%|▍         | 52/1182 [00:55<19:37,  1.04s/it]
  4%|▍         | 53/1182 [00:56<19:36,  1.04s/it]
  5%|▍         | 54/1182 [00:57<19:36,  1.04s/it]
  5%|▍         | 55/1182 [00:58<19:36,  1.04s/it]
  5%|▍         | 56/1182 [00:59<19:34,  1.04s/it]
  5%|▍         | 57/1182 [01:00<19:35,  1.05s/it]
  5%|▍         | 58/1182 [01:01<19:34,  1.04s/it]
  5%|▍         | 59/1182 [01:02<19:34,  1.05s/it]
  5%|▌         | 60/1182 [01:03<19:32,  1.05s/it]
                                                 
{'loss': 0.1539, 'grad_norm': 0.832929790019989, 'learning_rate': 9.500846023688665e-06, 'epoch': 0.1}

  5%|▌         | 60/1182 [01:03<19:32,  1.05s/it]
  5%|▌         | 61/1182 [01:04<19:31,  1.04s/it]
  5%|▌         | 62/1182 [01:05<19:27,  1.04s/it]
  5%|▌         | 63/1182 [01:06<19:27,  1.04s/it]
  5%|▌         | 64/1182 [01:08<19:26,  1.04s/it]
  5%|▌         | 65/1182 [01:09<19:24,  1.04s/it]
  6%|▌         | 66/1182 [01:10<19:23,  1.04s/it]
  6%|▌         | 67/1182 [01:11<19:24,  1.04s/it]
  6%|▌         | 68/1182 [01:12<19:22,  1.04s/it]
  6%|▌         | 69/1182 [01:13<19:20,  1.04s/it]
  6%|▌         | 70/1182 [01:14<19:20,  1.04s/it]
  6%|▌         | 71/1182 [01:15<19:19,  1.04s/it]
  6%|▌         | 72/1182 [01:16<19:17,  1.04s/it]
  6%|▌         | 73/1182 [01:17<19:18,  1.04s/it]
  6%|▋         | 74/1182 [01:18<19:17,  1.04s/it]
  6%|▋         | 75/1182 [01:19<19:15,  1.04s/it]
  6%|▋         | 76/1182 [01:20<19:12,  1.04s/it]
  7%|▋         | 77/1182 [01:21<19:11,  1.04s/it]
  7%|▋         | 78/1182 [01:22<19:11,  1.04s/it]
  7%|▋         | 79/1182 [01:23<19:10,  1.04s/it]
  7%|▋         | 80/1182 [01:24<19:08,  1.04s/it]
                                                 
{'loss': 0.0352, 'grad_norm': 0.6002504825592041, 'learning_rate': 9.331641285956008e-06, 'epoch': 0.14}

  7%|▋         | 80/1182 [01:24<19:08,  1.04s/it]
  7%|▋         | 81/1182 [01:25<19:07,  1.04s/it]
  7%|▋         | 82/1182 [01:26<19:06,  1.04s/it]
  7%|▋         | 83/1182 [01:27<19:04,  1.04s/it]
  7%|▋         | 84/1182 [01:28<19:03,  1.04s/it]
  7%|▋         | 85/1182 [01:29<19:02,  1.04s/it]
  7%|▋         | 86/1182 [01:30<19:01,  1.04s/it]
  7%|▋         | 87/1182 [01:32<19:01,  1.04s/it]
  7%|▋         | 88/1182 [01:33<19:00,  1.04s/it]
  8%|▊         | 89/1182 [01:34<19:00,  1.04s/it]
  8%|▊         | 90/1182 [01:35<18:58,  1.04s/it]
  8%|▊         | 91/1182 [01:36<18:58,  1.04s/it]
  8%|▊         | 92/1182 [01:37<18:58,  1.04s/it]
  8%|▊         | 93/1182 [01:38<18:56,  1.04s/it]
  8%|▊         | 94/1182 [01:39<18:55,  1.04s/it]
  8%|▊         | 95/1182 [01:40<18:55,  1.04s/it]
  8%|▊         | 96/1182 [01:41<18:54,  1.04s/it]
  8%|▊         | 97/1182 [01:42<18:53,  1.04s/it]
  8%|▊         | 98/1182 [01:43<18:52,  1.04s/it]
  8%|▊         | 99/1182 [01:44<18:52,  1.05s/it]
  8%|▊         | 100/1182 [01:45<18:52,  1.05s/it]
                                                  
{'loss': 0.0338, 'grad_norm': 0.7131717801094055, 'learning_rate': 9.162436548223351e-06, 'epoch': 0.17}

  8%|▊         | 100/1182 [01:45<18:52,  1.05s/it]
  9%|▊         | 101/1182 [01:46<18:53,  1.05s/it]
  9%|▊         | 102/1182 [01:47<18:51,  1.05s/it]
  9%|▊         | 103/1182 [01:48<18:48,  1.05s/it]
  9%|▉         | 104/1182 [01:49<18:45,  1.04s/it]
  9%|▉         | 105/1182 [01:50<18:42,  1.04s/it]
  9%|▉         | 106/1182 [01:51<18:43,  1.04s/it]
  9%|▉         | 107/1182 [01:52<18:42,  1.04s/it]
  9%|▉         | 108/1182 [01:53<18:41,  1.04s/it]
  9%|▉         | 109/1182 [01:54<18:39,  1.04s/it]
  9%|▉         | 110/1182 [01:56<18:37,  1.04s/it]
  9%|▉         | 111/1182 [01:57<18:38,  1.04s/it]
  9%|▉         | 112/1182 [01:58<18:34,  1.04s/it]
 10%|▉         | 113/1182 [01:59<18:32,  1.04s/it]
 10%|▉         | 114/1182 [02:00<18:33,  1.04s/it]
 10%|▉         | 115/1182 [02:01<18:33,  1.04s/it]
 10%|▉         | 116/1182 [02:02<18:31,  1.04s/it]
 10%|▉         | 117/1182 [02:03<18:32,  1.05s/it]
 10%|▉         | 118/1182 [02:04<18:31,  1.04s/it]
 10%|█         | 119/1182 [02:05<18:30,  1.04s/it]
 10%|█         | 120/1182 [02:06<18:27,  1.04s/it]
                                                  
{'loss': 0.0285, 'grad_norm': 0.8714877367019653, 'learning_rate': 8.993231810490694e-06, 'epoch': 0.2}

 10%|█         | 120/1182 [02:06<18:27,  1.04s/it]
 10%|█         | 121/1182 [02:07<18:26,  1.04s/it]
 10%|█         | 122/1182 [02:08<18:24,  1.04s/it]
 10%|█         | 123/1182 [02:09<18:22,  1.04s/it]
 10%|█         | 124/1182 [02:10<18:20,  1.04s/it]
 11%|█         | 125/1182 [02:11<18:21,  1.04s/it]
 11%|█         | 126/1182 [02:12<18:20,  1.04s/it]
 11%|█         | 127/1182 [02:13<18:19,  1.04s/it]
 11%|█         | 128/1182 [02:14<18:17,  1.04s/it]
 11%|█         | 129/1182 [02:15<18:16,  1.04s/it]
 11%|█         | 130/1182 [02:16<18:14,  1.04s/it]
 11%|█         | 131/1182 [02:17<18:15,  1.04s/it]
 11%|█         | 132/1182 [02:18<18:14,  1.04s/it]
 11%|█▏        | 133/1182 [02:20<18:15,  1.04s/it]
 11%|█▏        | 134/1182 [02:21<18:12,  1.04s/it]
 11%|█▏        | 135/1182 [02:22<18:13,  1.04s/it]
 12%|█▏        | 136/1182 [02:23<18:12,  1.04s/it]
 12%|█▏        | 137/1182 [02:24<18:10,  1.04s/it]
 12%|█▏        | 138/1182 [02:25<18:08,  1.04s/it]
 12%|█▏        | 139/1182 [02:26<18:07,  1.04s/it]
 12%|█▏        | 140/1182 [02:27<18:05,  1.04s/it]
                                                  
{'loss': 0.025, 'grad_norm': 0.3920747935771942, 'learning_rate': 8.824027072758037e-06, 'epoch': 0.24}

 12%|█▏        | 140/1182 [02:27<18:05,  1.04s/it]
 12%|█▏        | 141/1182 [02:28<18:03,  1.04s/it]
 12%|█▏        | 142/1182 [02:29<18:03,  1.04s/it]
 12%|█▏        | 143/1182 [02:30<18:02,  1.04s/it]
 12%|█▏        | 144/1182 [02:31<18:03,  1.04s/it]
 12%|█▏        | 145/1182 [02:32<18:01,  1.04s/it]
 12%|█▏        | 146/1182 [02:33<17:59,  1.04s/it]
 12%|█▏        | 147/1182 [02:34<17:55,  1.04s/it]
 13%|█▎        | 148/1182 [02:35<17:43,  1.03s/it]
 13%|█▎        | 149/1182 [02:36<17:35,  1.02s/it]
 13%|█▎        | 150/1182 [02:37<17:28,  1.02s/it]
 13%|█▎        | 151/1182 [02:38<17:24,  1.01s/it]
 13%|█▎        | 152/1182 [02:39<17:21,  1.01s/it]
 13%|█▎        | 153/1182 [02:40<17:20,  1.01s/it]
 13%|█▎        | 154/1182 [02:41<17:19,  1.01s/it]
 13%|█▎        | 155/1182 [02:42<17:16,  1.01s/it]
 13%|█▎        | 156/1182 [02:43<17:15,  1.01s/it]
 13%|█▎        | 157/1182 [02:44<17:13,  1.01s/it]
 13%|█▎        | 158/1182 [02:45<17:12,  1.01s/it]
 13%|█▎        | 159/1182 [02:46<17:10,  1.01s/it]
 14%|█▎        | 160/1182 [02:47<17:07,  1.01s/it]
                                                  
{'loss': 0.0309, 'grad_norm': 0.5496379137039185, 'learning_rate': 8.65482233502538e-06, 'epoch': 0.27}

 14%|█▎        | 160/1182 [02:47<17:07,  1.01s/it]
 14%|█▎        | 161/1182 [02:48<17:08,  1.01s/it]
 14%|█▎        | 162/1182 [02:49<17:07,  1.01s/it]
 14%|█▍        | 163/1182 [02:50<17:05,  1.01s/it]
 14%|█▍        | 164/1182 [02:51<17:05,  1.01s/it]
 14%|█▍        | 165/1182 [02:52<17:04,  1.01s/it]
 14%|█▍        | 166/1182 [02:53<17:06,  1.01s/it]
 14%|█▍        | 167/1182 [02:54<17:03,  1.01s/it]
 14%|█▍        | 168/1182 [02:55<17:02,  1.01s/it]
 14%|█▍        | 169/1182 [02:56<17:00,  1.01s/it]
 14%|█▍        | 170/1182 [02:57<17:01,  1.01s/it]
 14%|█▍        | 171/1182 [02:58<16:58,  1.01s/it]
 15%|█▍        | 172/1182 [02:59<16:57,  1.01s/it]
 15%|█▍        | 173/1182 [03:00<16:57,  1.01s/it]
 15%|█▍        | 174/1182 [03:01<16:55,  1.01s/it]
 15%|█▍        | 175/1182 [03:02<16:56,  1.01s/it]
 15%|█▍        | 176/1182 [03:03<16:57,  1.01s/it]
 15%|█▍        | 177/1182 [03:04<16:58,  1.01s/it]
 15%|█▌        | 178/1182 [03:05<16:55,  1.01s/it]
 15%|█▌        | 179/1182 [03:06<16:56,  1.01s/it]
 15%|█▌        | 180/1182 [03:07<16:54,  1.01s/it]
                                                  
{'loss': 0.0299, 'grad_norm': 0.8062417507171631, 'learning_rate': 8.485617597292725e-06, 'epoch': 0.3}

 15%|█▌        | 180/1182 [03:07<16:54,  1.01s/it]
 15%|█▌        | 181/1182 [03:08<16:54,  1.01s/it]
 15%|█▌        | 182/1182 [03:09<16:53,  1.01s/it]
 15%|█▌        | 183/1182 [03:10<16:54,  1.02s/it]
 16%|█▌        | 184/1182 [03:11<16:52,  1.01s/it]
 16%|█▌        | 185/1182 [03:12<16:49,  1.01s/it]
 16%|█▌        | 186/1182 [03:13<16:48,  1.01s/it]
 16%|█▌        | 187/1182 [03:14<16:46,  1.01s/it]
 16%|█▌        | 188/1182 [03:15<16:44,  1.01s/it]
 16%|█▌        | 189/1182 [03:16<16:44,  1.01s/it]
 16%|█▌        | 190/1182 [03:18<16:43,  1.01s/it]
 16%|█▌        | 191/1182 [03:19<16:41,  1.01s/it]
 16%|█▌        | 192/1182 [03:20<16:41,  1.01s/it]
 16%|█▋        | 193/1182 [03:21<16:39,  1.01s/it]
 16%|█▋        | 194/1182 [03:22<16:39,  1.01s/it]
 16%|█▋        | 195/1182 [03:23<16:38,  1.01s/it]
 17%|█▋        | 196/1182 [03:24<16:36,  1.01s/it]
 17%|█▋        | 197/1182 [03:25<16:35,  1.01s/it]
 17%|█▋        | 198/1182 [03:26<16:34,  1.01s/it]
 17%|█▋        | 199/1182 [03:27<16:33,  1.01s/it]
 17%|█▋        | 200/1182 [03:28<16:31,  1.01s/it]
                                                  
{'loss': 0.0283, 'grad_norm': 0.40455058217048645, 'learning_rate': 8.316412859560068e-06, 'epoch': 0.34}

 17%|█▋        | 200/1182 [03:28<16:31,  1.01s/it]
 17%|█▋        | 201/1182 [03:29<16:29,  1.01s/it]
 17%|█▋        | 202/1182 [03:30<16:28,  1.01s/it]
 17%|█▋        | 203/1182 [03:31<16:27,  1.01s/it]
 17%|█▋        | 204/1182 [03:32<16:28,  1.01s/it]
 17%|█▋        | 205/1182 [03:33<16:27,  1.01s/it]
 17%|█▋        | 206/1182 [03:34<16:27,  1.01s/it]
 18%|█▊        | 207/1182 [03:35<16:26,  1.01s/it]
 18%|█▊        | 208/1182 [03:36<16:25,  1.01s/it]
 18%|█▊        | 209/1182 [03:37<16:25,  1.01s/it]
 18%|█▊        | 210/1182 [03:38<16:25,  1.01s/it]
 18%|█▊        | 211/1182 [03:39<16:24,  1.01s/it]
 18%|█▊        | 212/1182 [03:40<16:22,  1.01s/it]
 18%|█▊        | 213/1182 [03:41<16:22,  1.01s/it]
 18%|█▊        | 214/1182 [03:42<16:21,  1.01s/it]
 18%|█▊        | 215/1182 [03:43<16:19,  1.01s/it]
 18%|█▊        | 216/1182 [03:44<16:17,  1.01s/it]
 18%|█▊        | 217/1182 [03:45<16:16,  1.01s/it]
 18%|█▊        | 218/1182 [03:46<16:14,  1.01s/it]
 19%|█▊        | 219/1182 [03:47<16:13,  1.01s/it]
 19%|█▊        | 220/1182 [03:48<16:13,  1.01s/it]
                                                  
{'loss': 0.0295, 'grad_norm': 0.4835672974586487, 'learning_rate': 8.147208121827413e-06, 'epoch': 0.37}

 19%|█▊        | 220/1182 [03:48<16:13,  1.01s/it]
 19%|█▊        | 221/1182 [03:49<16:11,  1.01s/it]
 19%|█▉        | 222/1182 [03:50<16:10,  1.01s/it]
 19%|█▉        | 223/1182 [03:51<16:10,  1.01s/it]
 19%|█▉        | 224/1182 [03:52<16:09,  1.01s/it]
 19%|█▉        | 225/1182 [03:53<16:08,  1.01s/it]
 19%|█▉        | 226/1182 [03:54<16:07,  1.01s/it]
 19%|█▉        | 227/1182 [03:55<16:06,  1.01s/it]
 19%|█▉        | 228/1182 [03:56<16:05,  1.01s/it]
 19%|█▉        | 229/1182 [03:57<16:03,  1.01s/it]
 19%|█▉        | 230/1182 [03:58<16:02,  1.01s/it]
 20%|█▉        | 231/1182 [03:59<16:01,  1.01s/it]
 20%|█▉        | 232/1182 [04:00<16:02,  1.01s/it]
 20%|█▉        | 233/1182 [04:01<16:01,  1.01s/it]
 20%|█▉        | 234/1182 [04:02<16:01,  1.01s/it]
 20%|█▉        | 235/1182 [04:03<16:00,  1.01s/it]
 20%|█▉        | 236/1182 [04:04<15:59,  1.01s/it]
 20%|██        | 237/1182 [04:05<15:58,  1.01s/it]
 20%|██        | 238/1182 [04:06<15:56,  1.01s/it]
 20%|██        | 239/1182 [04:07<15:56,  1.01s/it]
 20%|██        | 240/1182 [04:08<15:54,  1.01s/it]
                                                  
{'loss': 0.0299, 'grad_norm': 0.3494393527507782, 'learning_rate': 7.978003384094756e-06, 'epoch': 0.41}

 20%|██        | 240/1182 [04:08<15:54,  1.01s/it]
 20%|██        | 241/1182 [04:09<15:53,  1.01s/it]
 20%|██        | 242/1182 [04:10<15:52,  1.01s/it]
 21%|██        | 243/1182 [04:11<15:51,  1.01s/it]
 21%|██        | 244/1182 [04:12<15:50,  1.01s/it]
 21%|██        | 245/1182 [04:13<15:49,  1.01s/it]
 21%|██        | 246/1182 [04:14<15:47,  1.01s/it]
 21%|██        | 247/1182 [04:15<15:49,  1.02s/it]
 21%|██        | 248/1182 [04:16<15:47,  1.01s/it]
 21%|██        | 249/1182 [04:17<15:45,  1.01s/it]
 21%|██        | 250/1182 [04:18<15:44,  1.01s/it]
 21%|██        | 251/1182 [04:19<15:42,  1.01s/it]
 21%|██▏       | 252/1182 [04:20<15:41,  1.01s/it]
 21%|██▏       | 253/1182 [04:21<15:41,  1.01s/it]
 21%|██▏       | 254/1182 [04:22<15:39,  1.01s/it]
 22%|██▏       | 255/1182 [04:23<15:37,  1.01s/it]
 22%|██▏       | 256/1182 [04:24<15:36,  1.01s/it]
 22%|██▏       | 257/1182 [04:25<15:35,  1.01s/it]
 22%|██▏       | 258/1182 [04:26<15:37,  1.01s/it]
 22%|██▏       | 259/1182 [04:27<15:35,  1.01s/it]
 22%|██▏       | 260/1182 [04:28<15:33,  1.01s/it]
                                                  
{'loss': 0.0267, 'grad_norm': 0.531328558921814, 'learning_rate': 7.808798646362099e-06, 'epoch': 0.44}

 22%|██▏       | 260/1182 [04:28<15:33,  1.01s/it]
 22%|██▏       | 261/1182 [04:29<15:34,  1.01s/it]
 22%|██▏       | 262/1182 [04:30<15:33,  1.01s/it]
 22%|██▏       | 263/1182 [04:31<15:30,  1.01s/it]
 22%|██▏       | 264/1182 [04:32<15:29,  1.01s/it]
 22%|██▏       | 265/1182 [04:33<15:28,  1.01s/it]
 23%|██▎       | 266/1182 [04:34<15:28,  1.01s/it]
 23%|██▎       | 267/1182 [04:35<15:29,  1.02s/it]
 23%|██▎       | 268/1182 [04:36<15:26,  1.01s/it]
 23%|██▎       | 269/1182 [04:37<15:24,  1.01s/it]
 23%|██▎       | 270/1182 [04:39<15:22,  1.01s/it]
 23%|██▎       | 271/1182 [04:40<15:21,  1.01s/it]
 23%|██▎       | 272/1182 [04:41<15:20,  1.01s/it]
 23%|██▎       | 273/1182 [04:42<15:20,  1.01s/it]
 23%|██▎       | 274/1182 [04:43<15:19,  1.01s/it]
 23%|██▎       | 275/1182 [04:44<15:18,  1.01s/it]
 23%|██▎       | 276/1182 [04:45<15:18,  1.01s/it]
 23%|██▎       | 277/1182 [04:46<15:17,  1.01s/it]
 24%|██▎       | 278/1182 [04:47<15:16,  1.01s/it]
 24%|██▎       | 279/1182 [04:48<15:15,  1.01s/it]
 24%|██▎       | 280/1182 [04:49<15:14,  1.01s/it]
                                                  
{'loss': 0.0262, 'grad_norm': 0.34359949827194214, 'learning_rate': 7.639593908629442e-06, 'epoch': 0.47}

 24%|██▎       | 280/1182 [04:49<15:14,  1.01s/it]
 24%|██▍       | 281/1182 [04:50<15:12,  1.01s/it]
 24%|██▍       | 282/1182 [04:51<15:12,  1.01s/it]
 24%|██▍       | 283/1182 [04:52<15:11,  1.01s/it]
 24%|██▍       | 284/1182 [04:53<15:10,  1.01s/it]
 24%|██▍       | 285/1182 [04:54<15:08,  1.01s/it]
 24%|██▍       | 286/1182 [04:55<15:08,  1.01s/it]
 24%|██▍       | 287/1182 [04:56<15:07,  1.01s/it]
 24%|██▍       | 288/1182 [04:57<15:06,  1.01s/it]
 24%|██▍       | 289/1182 [04:58<15:07,  1.02s/it]
 25%|██▍       | 290/1182 [04:59<15:11,  1.02s/it]
 25%|██▍       | 291/1182 [05:00<15:09,  1.02s/it]
 25%|██▍       | 292/1182 [05:01<15:07,  1.02s/it]
 25%|██▍       | 293/1182 [05:02<15:06,  1.02s/it]
 25%|██▍       | 294/1182 [05:03<15:04,  1.02s/it]
 25%|██▍       | 295/1182 [05:04<15:05,  1.02s/it]
 25%|██▌       | 296/1182 [05:05<15:04,  1.02s/it]
 25%|██▌       | 297/1182 [05:06<15:02,  1.02s/it]
 25%|██▌       | 298/1182 [05:07<15:01,  1.02s/it]
 25%|██▌       | 299/1182 [05:08<15:00,  1.02s/it]
 25%|██▌       | 300/1182 [05:09<14:58,  1.02s/it]
                                                  
{'loss': 0.0238, 'grad_norm': 0.36985766887664795, 'learning_rate': 7.470389170896786e-06, 'epoch': 0.51}

 25%|██▌       | 300/1182 [05:09<14:58,  1.02s/it]
 25%|██▌       | 301/1182 [05:10<14:57,  1.02s/it]
 26%|██▌       | 302/1182 [05:11<14:56,  1.02s/it]
 26%|██▌       | 303/1182 [05:12<14:55,  1.02s/it]
 26%|██▌       | 304/1182 [05:13<14:53,  1.02s/it]
 26%|██▌       | 305/1182 [05:14<14:52,  1.02s/it]
 26%|██▌       | 306/1182 [05:15<14:51,  1.02s/it]
 26%|██▌       | 307/1182 [05:16<14:50,  1.02s/it]
 26%|██▌       | 308/1182 [05:17<14:50,  1.02s/it]
 26%|██▌       | 309/1182 [05:18<14:49,  1.02s/it]
 26%|██▌       | 310/1182 [05:19<14:49,  1.02s/it]
 26%|██▋       | 311/1182 [05:20<14:47,  1.02s/it]
 26%|██▋       | 312/1182 [05:21<14:46,  1.02s/it]
 26%|██▋       | 313/1182 [05:22<14:45,  1.02s/it]
 27%|██▋       | 314/1182 [05:23<14:44,  1.02s/it]
 27%|██▋       | 315/1182 [05:24<14:44,  1.02s/it]
 27%|██▋       | 316/1182 [05:25<14:42,  1.02s/it]
 27%|██▋       | 317/1182 [05:26<14:42,  1.02s/it]
 27%|██▋       | 318/1182 [05:27<14:41,  1.02s/it]
 27%|██▋       | 319/1182 [05:28<14:39,  1.02s/it]
 27%|██▋       | 320/1182 [05:29<14:39,  1.02s/it]
                                                  
{'loss': 0.0271, 'grad_norm': 0.31533583998680115, 'learning_rate': 7.301184433164129e-06, 'epoch': 0.54}

 27%|██▋       | 320/1182 [05:29<14:39,  1.02s/it]
 27%|██▋       | 321/1182 [05:30<14:38,  1.02s/it]
 27%|██▋       | 322/1182 [05:31<14:36,  1.02s/it]
 27%|██▋       | 323/1182 [05:32<14:35,  1.02s/it]
 27%|██▋       | 324/1182 [05:33<14:34,  1.02s/it]
 27%|██▋       | 325/1182 [05:34<14:32,  1.02s/it]
 28%|██▊       | 326/1182 [05:35<14:33,  1.02s/it]
 28%|██▊       | 327/1182 [05:37<14:33,  1.02s/it]
 28%|██▊       | 328/1182 [05:38<14:32,  1.02s/it]
 28%|██▊       | 329/1182 [05:39<14:30,  1.02s/it]
 28%|██▊       | 330/1182 [05:40<14:29,  1.02s/it]
 28%|██▊       | 331/1182 [05:41<14:27,  1.02s/it]
 28%|██▊       | 332/1182 [05:42<14:26,  1.02s/it]
 28%|██▊       | 333/1182 [05:43<14:25,  1.02s/it]
 28%|██▊       | 334/1182 [05:44<14:24,  1.02s/it]
 28%|██▊       | 335/1182 [05:45<14:22,  1.02s/it]
 28%|██▊       | 336/1182 [05:46<14:21,  1.02s/it]
 29%|██▊       | 337/1182 [05:47<14:20,  1.02s/it]
 29%|██▊       | 338/1182 [05:48<14:20,  1.02s/it]
 29%|██▊       | 339/1182 [05:49<14:19,  1.02s/it]
 29%|██▉       | 340/1182 [05:50<14:18,  1.02s/it]
                                                  
{'loss': 0.0268, 'grad_norm': 0.5277542471885681, 'learning_rate': 7.131979695431472e-06, 'epoch': 0.58}

 29%|██▉       | 340/1182 [05:50<14:18,  1.02s/it]
 29%|██▉       | 341/1182 [05:51<14:17,  1.02s/it]
 29%|██▉       | 342/1182 [05:52<14:16,  1.02s/it]
 29%|██▉       | 343/1182 [05:53<14:16,  1.02s/it]
 29%|██▉       | 344/1182 [05:54<14:13,  1.02s/it]
 29%|██▉       | 345/1182 [05:55<14:13,  1.02s/it]
 29%|██▉       | 346/1182 [05:56<14:13,  1.02s/it]
 29%|██▉       | 347/1182 [05:57<14:12,  1.02s/it]
 29%|██▉       | 348/1182 [05:58<14:10,  1.02s/it]
 30%|██▉       | 349/1182 [05:59<14:08,  1.02s/it]
 30%|██▉       | 350/1182 [06:00<14:07,  1.02s/it]
 30%|██▉       | 351/1182 [06:01<14:08,  1.02s/it]
 30%|██▉       | 352/1182 [06:02<14:06,  1.02s/it]
 30%|██▉       | 353/1182 [06:03<14:04,  1.02s/it]
 30%|██▉       | 354/1182 [06:04<14:06,  1.02s/it]
 30%|███       | 355/1182 [06:05<14:05,  1.02s/it]
 30%|███       | 356/1182 [06:06<14:03,  1.02s/it]
 30%|███       | 357/1182 [06:07<14:02,  1.02s/it]
 30%|███       | 358/1182 [06:08<14:03,  1.02s/it]
 30%|███       | 359/1182 [06:09<14:03,  1.02s/it]
 30%|███       | 360/1182 [06:10<14:01,  1.02s/it]
                                                  
{'loss': 0.0267, 'grad_norm': 0.25547969341278076, 'learning_rate': 6.962774957698816e-06, 'epoch': 0.61}

 30%|███       | 360/1182 [06:10<14:01,  1.02s/it]
 31%|███       | 361/1182 [06:11<13:59,  1.02s/it]
 31%|███       | 362/1182 [06:12<13:56,  1.02s/it]
 31%|███       | 363/1182 [06:13<13:55,  1.02s/it]
 31%|███       | 364/1182 [06:14<13:55,  1.02s/it]
 31%|███       | 365/1182 [06:15<13:55,  1.02s/it]
 31%|███       | 366/1182 [06:16<13:52,  1.02s/it]
 31%|███       | 367/1182 [06:17<13:51,  1.02s/it]
 31%|███       | 368/1182 [06:18<13:51,  1.02s/it]
 31%|███       | 369/1182 [06:19<13:50,  1.02s/it]
 31%|███▏      | 370/1182 [06:20<13:47,  1.02s/it]
 31%|███▏      | 371/1182 [06:21<13:46,  1.02s/it]
 31%|███▏      | 372/1182 [06:22<13:45,  1.02s/it]
 32%|███▏      | 373/1182 [06:23<13:42,  1.02s/it]
 32%|███▏      | 374/1182 [06:24<13:39,  1.01s/it]
 32%|███▏      | 375/1182 [06:25<13:38,  1.01s/it]
 32%|███▏      | 376/1182 [06:26<13:37,  1.01s/it]
 32%|███▏      | 377/1182 [06:27<13:35,  1.01s/it]
 32%|███▏      | 378/1182 [06:28<13:34,  1.01s/it]
 32%|███▏      | 379/1182 [06:30<13:33,  1.01s/it]
 32%|███▏      | 380/1182 [06:31<13:32,  1.01s/it]
                                                  
{'loss': 0.0271, 'grad_norm': 1.5038554668426514, 'learning_rate': 6.793570219966159e-06, 'epoch': 0.64}

 32%|███▏      | 380/1182 [06:31<13:32,  1.01s/it]
 32%|███▏      | 381/1182 [06:32<13:31,  1.01s/it]
 32%|███▏      | 382/1182 [06:33<13:30,  1.01s/it]
 32%|███▏      | 383/1182 [06:34<13:28,  1.01s/it]
 32%|███▏      | 384/1182 [06:35<13:27,  1.01s/it]
 33%|███▎      | 385/1182 [06:36<13:27,  1.01s/it]
 33%|███▎      | 386/1182 [06:37<13:25,  1.01s/it]
 33%|███▎      | 387/1182 [06:38<13:24,  1.01s/it]
 33%|███▎      | 388/1182 [06:39<13:24,  1.01s/it]
 33%|███▎      | 389/1182 [06:40<13:23,  1.01s/it]
 33%|███▎      | 390/1182 [06:41<13:22,  1.01s/it]
 33%|███▎      | 391/1182 [06:42<13:22,  1.01s/it]
 33%|███▎      | 392/1182 [06:43<13:21,  1.01s/it]
 33%|███▎      | 393/1182 [06:44<13:21,  1.02s/it]
 33%|███▎      | 394/1182 [06:45<13:19,  1.02s/it]
 33%|███▎      | 395/1182 [06:46<13:18,  1.01s/it]
 34%|███▎      | 396/1182 [06:47<13:17,  1.01s/it]
 34%|███▎      | 397/1182 [06:48<13:16,  1.02s/it]
 34%|███▎      | 398/1182 [06:49<13:15,  1.01s/it]
 34%|███▍      | 399/1182 [06:50<13:15,  1.02s/it]
 34%|███▍      | 400/1182 [06:51<13:14,  1.02s/it]
                                                  
{'loss': 0.0203, 'grad_norm': 0.4940822422504425, 'learning_rate': 6.624365482233504e-06, 'epoch': 0.68}

 34%|███▍      | 400/1182 [06:51<13:14,  1.02s/it]
 34%|███▍      | 401/1182 [06:52<13:13,  1.02s/it]
 34%|███▍      | 402/1182 [06:53<13:12,  1.02s/it]
 34%|███▍      | 403/1182 [06:54<13:10,  1.01s/it]
 34%|███▍      | 404/1182 [06:55<13:11,  1.02s/it]
 34%|███▍      | 405/1182 [06:56<13:11,  1.02s/it]
 34%|███▍      | 406/1182 [06:57<13:09,  1.02s/it]
 34%|███▍      | 407/1182 [06:58<13:08,  1.02s/it]
 35%|███▍      | 408/1182 [06:59<13:07,  1.02s/it]
 35%|███▍      | 409/1182 [07:00<13:07,  1.02s/it]
 35%|███▍      | 410/1182 [07:01<13:04,  1.02s/it]
 35%|███▍      | 411/1182 [07:02<13:03,  1.02s/it]
 35%|███▍      | 412/1182 [07:03<13:02,  1.02s/it]
 35%|███▍      | 413/1182 [07:04<13:00,  1.02s/it]
 35%|███▌      | 414/1182 [07:05<13:01,  1.02s/it]
 35%|███▌      | 415/1182 [07:06<12:59,  1.02s/it]
 35%|███▌      | 416/1182 [07:07<12:58,  1.02s/it]
 35%|███▌      | 417/1182 [07:08<12:57,  1.02s/it]
 35%|███▌      | 418/1182 [07:09<12:58,  1.02s/it]
 35%|███▌      | 419/1182 [07:10<12:56,  1.02s/it]
 36%|███▌      | 420/1182 [07:11<12:55,  1.02s/it]
                                                  
{'loss': 0.0258, 'grad_norm': 0.36045897006988525, 'learning_rate': 6.455160744500847e-06, 'epoch': 0.71}

 36%|███▌      | 420/1182 [07:11<12:55,  1.02s/it]
 36%|███▌      | 421/1182 [07:12<12:54,  1.02s/it]
 36%|███▌      | 422/1182 [07:13<12:52,  1.02s/it]
 36%|███▌      | 423/1182 [07:14<12:51,  1.02s/it]
 36%|███▌      | 424/1182 [07:15<12:48,  1.01s/it]
 36%|███▌      | 425/1182 [07:16<12:47,  1.01s/it]
 36%|███▌      | 426/1182 [07:17<12:46,  1.01s/it]
 36%|███▌      | 427/1182 [07:18<12:46,  1.02s/it]
 36%|███▌      | 428/1182 [07:19<12:47,  1.02s/it]
 36%|███▋      | 429/1182 [07:20<12:46,  1.02s/it]
 36%|███▋      | 430/1182 [07:21<12:45,  1.02s/it]
 36%|███▋      | 431/1182 [07:22<12:43,  1.02s/it]
 37%|███▋      | 432/1182 [07:23<12:41,  1.02s/it]
 37%|███▋      | 433/1182 [07:24<12:40,  1.01s/it]
 37%|███▋      | 434/1182 [07:25<12:39,  1.02s/it]
 37%|███▋      | 435/1182 [07:26<12:38,  1.02s/it]
 37%|███▋      | 436/1182 [07:27<12:38,  1.02s/it]
 37%|███▋      | 437/1182 [07:28<12:37,  1.02s/it]
 37%|███▋      | 438/1182 [07:29<12:37,  1.02s/it]
 37%|███▋      | 439/1182 [07:30<12:35,  1.02s/it]
 37%|███▋      | 440/1182 [07:31<12:33,  1.02s/it]
                                                  
{'loss': 0.0289, 'grad_norm': 0.2763027250766754, 'learning_rate': 6.28595600676819e-06, 'epoch': 0.74}

 37%|███▋      | 440/1182 [07:31<12:33,  1.02s/it]
 37%|███▋      | 441/1182 [07:32<12:32,  1.02s/it]
 37%|███▋      | 442/1182 [07:34<12:31,  1.02s/it]
 37%|███▋      | 443/1182 [07:35<12:31,  1.02s/it]
 38%|███▊      | 444/1182 [07:36<12:29,  1.02s/it]
 38%|███▊      | 445/1182 [07:37<12:28,  1.02s/it]
 38%|███▊      | 446/1182 [07:38<12:28,  1.02s/it]
 38%|███▊      | 447/1182 [07:39<12:27,  1.02s/it]
 38%|███▊      | 448/1182 [07:40<12:25,  1.02s/it]
 38%|███▊      | 449/1182 [07:41<12:23,  1.01s/it]
 38%|███▊      | 450/1182 [07:42<12:22,  1.01s/it]
 38%|███▊      | 451/1182 [07:43<12:21,  1.01s/it]
 38%|███▊      | 452/1182 [07:44<12:20,  1.01s/it]
 38%|███▊      | 453/1182 [07:45<12:21,  1.02s/it]
 38%|███▊      | 454/1182 [07:46<12:19,  1.02s/it]
 38%|███▊      | 455/1182 [07:47<12:19,  1.02s/it]
 39%|███▊      | 456/1182 [07:48<12:18,  1.02s/it]
 39%|███▊      | 457/1182 [07:49<12:17,  1.02s/it]
 39%|███▊      | 458/1182 [07:50<12:17,  1.02s/it]
 39%|███▉      | 459/1182 [07:51<12:16,  1.02s/it]
 39%|███▉      | 460/1182 [07:52<12:15,  1.02s/it]
                                                  
{'loss': 0.0272, 'grad_norm': 0.44645562767982483, 'learning_rate': 6.116751269035534e-06, 'epoch': 0.78}

 39%|███▉      | 460/1182 [07:52<12:15,  1.02s/it]
 39%|███▉      | 461/1182 [07:53<12:14,  1.02s/it]
 39%|███▉      | 462/1182 [07:54<12:13,  1.02s/it]
 39%|███▉      | 463/1182 [07:55<12:11,  1.02s/it]
 39%|███▉      | 464/1182 [07:56<12:12,  1.02s/it]
 39%|███▉      | 465/1182 [07:57<12:09,  1.02s/it]
 39%|███▉      | 466/1182 [07:58<12:07,  1.02s/it]
 40%|███▉      | 467/1182 [07:59<12:06,  1.02s/it]
 40%|███▉      | 468/1182 [08:00<12:06,  1.02s/it]
 40%|███▉      | 469/1182 [08:01<12:04,  1.02s/it]
 40%|███▉      | 470/1182 [08:02<12:03,  1.02s/it]
 40%|███▉      | 471/1182 [08:03<12:03,  1.02s/it]
 40%|███▉      | 472/1182 [08:04<12:01,  1.02s/it]
 40%|████      | 473/1182 [08:05<11:59,  1.02s/it]
 40%|████      | 474/1182 [08:06<11:58,  1.01s/it]
 40%|████      | 475/1182 [08:07<11:56,  1.01s/it]
 40%|████      | 476/1182 [08:08<11:56,  1.01s/it]
 40%|████      | 477/1182 [08:09<11:54,  1.01s/it]
 40%|████      | 478/1182 [08:10<11:55,  1.02s/it]
 41%|████      | 479/1182 [08:11<11:54,  1.02s/it]
 41%|████      | 480/1182 [08:12<11:52,  1.01s/it]
                                                  
{'loss': 0.0266, 'grad_norm': 0.29507210850715637, 'learning_rate': 5.947546531302877e-06, 'epoch': 0.81}

 41%|████      | 480/1182 [08:12<11:52,  1.01s/it]
 41%|████      | 481/1182 [08:13<11:51,  1.01s/it]
 41%|████      | 482/1182 [08:14<11:49,  1.01s/it]
 41%|████      | 483/1182 [08:15<11:49,  1.01s/it]
 41%|████      | 484/1182 [08:16<11:49,  1.02s/it]
 41%|████      | 485/1182 [08:17<11:48,  1.02s/it]
 41%|████      | 486/1182 [08:18<11:46,  1.02s/it]
 41%|████      | 487/1182 [08:19<11:46,  1.02s/it]
 41%|████▏     | 488/1182 [08:20<11:45,  1.02s/it]
 41%|████▏     | 489/1182 [08:21<11:43,  1.02s/it]
 41%|████▏     | 490/1182 [08:22<11:41,  1.01s/it]
 42%|████▏     | 491/1182 [08:23<11:41,  1.02s/it]
 42%|████▏     | 492/1182 [08:24<11:39,  1.01s/it]
 42%|████▏     | 493/1182 [08:25<11:39,  1.02s/it]
 42%|████▏     | 494/1182 [08:26<11:38,  1.01s/it]
 42%|████▏     | 495/1182 [08:27<11:36,  1.01s/it]
 42%|████▏     | 496/1182 [08:28<11:36,  1.02s/it]
 42%|████▏     | 497/1182 [08:29<11:36,  1.02s/it]
 42%|████▏     | 498/1182 [08:30<11:35,  1.02s/it]
 42%|████▏     | 499/1182 [08:31<11:33,  1.02s/it]
 42%|████▏     | 500/1182 [08:32<11:32,  1.02s/it]
                                                  
{'loss': 0.0272, 'grad_norm': 0.29462677240371704, 'learning_rate': 5.7783417935702206e-06, 'epoch': 0.85}

 42%|████▏     | 500/1182 [08:32<11:32,  1.02s/it]
 42%|████▏     | 501/1182 [08:33<11:32,  1.02s/it]
 42%|████▏     | 502/1182 [08:34<11:30,  1.01s/it]
 43%|████▎     | 503/1182 [08:35<11:29,  1.01s/it]
 43%|████▎     | 504/1182 [08:36<11:27,  1.01s/it]
 43%|████▎     | 505/1182 [08:38<11:25,  1.01s/it]
 43%|████▎     | 506/1182 [08:39<11:25,  1.01s/it]
 43%|████▎     | 507/1182 [08:40<11:23,  1.01s/it]
 43%|████▎     | 508/1182 [08:41<11:23,  1.01s/it]
 43%|████▎     | 509/1182 [08:42<11:22,  1.01s/it]
 43%|████▎     | 510/1182 [08:43<11:21,  1.01s/it]
 43%|████▎     | 511/1182 [08:44<11:21,  1.02s/it]
 43%|████▎     | 512/1182 [08:45<11:20,  1.02s/it]
 43%|████▎     | 513/1182 [08:46<11:18,  1.01s/it]
 43%|████▎     | 514/1182 [08:47<11:17,  1.01s/it]
 44%|████▎     | 515/1182 [08:48<11:16,  1.01s/it]
 44%|████▎     | 516/1182 [08:49<11:16,  1.02s/it]
 44%|████▎     | 517/1182 [08:50<11:15,  1.02s/it]
 44%|████▍     | 518/1182 [08:51<11:14,  1.02s/it]
 44%|████▍     | 519/1182 [08:52<11:13,  1.02s/it]
 44%|████▍     | 520/1182 [08:53<11:12,  1.02s/it]
                                                  
{'loss': 0.0264, 'grad_norm': 0.23878274857997894, 'learning_rate': 5.609137055837564e-06, 'epoch': 0.88}

 44%|████▍     | 520/1182 [08:53<11:12,  1.02s/it]
 44%|████▍     | 521/1182 [08:54<11:11,  1.02s/it]
 44%|████▍     | 522/1182 [08:55<11:11,  1.02s/it]
 44%|████▍     | 523/1182 [08:56<11:10,  1.02s/it]
 44%|████▍     | 524/1182 [08:57<11:08,  1.02s/it]
 44%|████▍     | 525/1182 [08:58<11:06,  1.01s/it]
 45%|████▍     | 526/1182 [08:59<11:05,  1.01s/it]
 45%|████▍     | 527/1182 [09:00<11:05,  1.02s/it]
 45%|████▍     | 528/1182 [09:01<11:04,  1.02s/it]
 45%|████▍     | 529/1182 [09:02<11:02,  1.01s/it]
 45%|████▍     | 530/1182 [09:03<11:01,  1.01s/it]
 45%|████▍     | 531/1182 [09:04<11:00,  1.02s/it]
 45%|████▌     | 532/1182 [09:05<10:58,  1.01s/it]
 45%|████▌     | 533/1182 [09:06<10:58,  1.01s/it]
 45%|████▌     | 534/1182 [09:07<10:57,  1.01s/it]
 45%|████▌     | 535/1182 [09:08<10:57,  1.02s/it]
 45%|████▌     | 536/1182 [09:09<10:56,  1.02s/it]
 45%|████▌     | 537/1182 [09:10<10:55,  1.02s/it]
 46%|████▌     | 538/1182 [09:11<10:54,  1.02s/it]
 46%|████▌     | 539/1182 [09:12<10:53,  1.02s/it]
 46%|████▌     | 540/1182 [09:13<10:51,  1.01s/it]
                                                  
{'loss': 0.0282, 'grad_norm': 0.5242820382118225, 'learning_rate': 5.439932318104907e-06, 'epoch': 0.91}

 46%|████▌     | 540/1182 [09:13<10:51,  1.01s/it]
 46%|████▌     | 541/1182 [09:14<10:50,  1.02s/it]
 46%|████▌     | 542/1182 [09:15<10:48,  1.01s/it]
 46%|████▌     | 543/1182 [09:16<10:47,  1.01s/it]
 46%|████▌     | 544/1182 [09:17<11:42,  1.10s/it]
 46%|████▌     | 545/1182 [09:18<11:25,  1.08s/it]
 46%|████▌     | 546/1182 [09:19<11:13,  1.06s/it]
 46%|████▋     | 547/1182 [09:20<11:04,  1.05s/it]
 46%|████▋     | 548/1182 [09:21<10:57,  1.04s/it]
 46%|████▋     | 549/1182 [09:22<10:52,  1.03s/it]
 47%|████▋     | 550/1182 [09:23<10:47,  1.03s/it]
 47%|████▋     | 551/1182 [09:24<10:45,  1.02s/it]
 47%|████▋     | 552/1182 [09:26<10:42,  1.02s/it]
 47%|████▋     | 553/1182 [09:27<10:41,  1.02s/it]
 47%|████▋     | 554/1182 [09:28<10:39,  1.02s/it]
 47%|████▋     | 555/1182 [09:29<10:38,  1.02s/it]
 47%|████▋     | 556/1182 [09:30<10:36,  1.02s/it]
 47%|████▋     | 557/1182 [09:31<10:35,  1.02s/it]
 47%|████▋     | 558/1182 [09:32<10:34,  1.02s/it]
 47%|████▋     | 559/1182 [09:33<10:34,  1.02s/it]
 47%|████▋     | 560/1182 [09:34<10:33,  1.02s/it]
                                                  
{'loss': 0.0243, 'grad_norm': 0.40459370613098145, 'learning_rate': 5.270727580372251e-06, 'epoch': 0.95}

 47%|████▋     | 560/1182 [09:34<10:33,  1.02s/it]
 47%|████▋     | 561/1182 [09:35<10:31,  1.02s/it]
 48%|████▊     | 562/1182 [09:36<10:30,  1.02s/it]
 48%|████▊     | 563/1182 [09:37<10:29,  1.02s/it]
 48%|████▊     | 564/1182 [09:38<10:28,  1.02s/it]
 48%|████▊     | 565/1182 [09:39<10:27,  1.02s/it]
 48%|████▊     | 566/1182 [09:40<10:26,  1.02s/it]
 48%|████▊     | 567/1182 [09:41<10:25,  1.02s/it]
 48%|████▊     | 568/1182 [09:42<10:24,  1.02s/it]
 48%|████▊     | 569/1182 [09:43<10:22,  1.02s/it]
 48%|████▊     | 570/1182 [09:44<10:21,  1.02s/it]
 48%|████▊     | 571/1182 [09:45<10:20,  1.02s/it]
 48%|████▊     | 572/1182 [09:46<10:19,  1.02s/it]
 48%|████▊     | 573/1182 [09:47<10:18,  1.02s/it]
 49%|████▊     | 574/1182 [09:48<10:17,  1.02s/it]
 49%|████▊     | 575/1182 [09:49<10:16,  1.02s/it]
 49%|████▊     | 576/1182 [09:50<10:16,  1.02s/it]
 49%|████▉     | 577/1182 [09:51<10:16,  1.02s/it]
 49%|████▉     | 578/1182 [09:52<10:14,  1.02s/it]
 49%|████▉     | 579/1182 [09:53<10:12,  1.02s/it]
 49%|████▉     | 580/1182 [09:54<10:12,  1.02s/it]
                                                  
{'loss': 0.027, 'grad_norm': 0.2888665497303009, 'learning_rate': 5.101522842639594e-06, 'epoch': 0.98}

 49%|████▉     | 580/1182 [09:54<10:12,  1.02s/it]
 49%|████▉     | 581/1182 [09:55<10:10,  1.02s/it]
 49%|████▉     | 582/1182 [09:56<10:09,  1.02s/it]
 49%|████▉     | 583/1182 [09:57<10:08,  1.02s/it]
 49%|████▉     | 584/1182 [09:58<10:07,  1.02s/it]
 49%|████▉     | 585/1182 [09:59<10:06,  1.02s/it]
 50%|████▉     | 586/1182 [10:00<10:05,  1.02s/it]
 50%|████▉     | 587/1182 [10:01<10:04,  1.02s/it]
 50%|████▉     | 588/1182 [10:02<10:02,  1.01s/it]
 50%|████▉     | 589/1182 [10:03<10:01,  1.01s/it]
 50%|████▉     | 590/1182 [10:04<10:01,  1.02s/it]
 50%|█████     | 591/1182 [10:05<09:59,  1.01s/it]
 50%|█████     | 592/1182 [10:05<07:46,  1.27it/s]
 50%|█████     | 593/1182 [10:07<11:26,  1.17s/it]
 50%|█████     | 594/1182 [10:08<10:58,  1.12s/it]
 50%|█████     | 595/1182 [10:09<10:38,  1.09s/it]
 50%|█████     | 596/1182 [10:10<10:24,  1.07s/it]
 51%|█████     | 597/1182 [10:12<10:14,  1.05s/it]
 51%|█████     | 598/1182 [10:13<10:07,  1.04s/it]
 51%|█████     | 599/1182 [10:14<10:02,  1.03s/it]
 51%|█████     | 600/1182 [10:15<09:57,  1.03s/it]
                                                  
{'loss': 0.0223, 'grad_norm': 0.36968889832496643, 'learning_rate': 4.932318104906938e-06, 'epoch': 1.01}

 51%|█████     | 600/1182 [10:15<09:57,  1.03s/it]
 51%|█████     | 601/1182 [10:16<09:54,  1.02s/it]
 51%|█████     | 602/1182 [10:17<09:52,  1.02s/it]
 51%|█████     | 603/1182 [10:18<09:49,  1.02s/it]
 51%|█████     | 604/1182 [10:19<09:49,  1.02s/it]
 51%|█████     | 605/1182 [10:20<09:47,  1.02s/it]
 51%|█████▏    | 606/1182 [10:21<09:46,  1.02s/it]
 51%|█████▏    | 607/1182 [10:22<09:44,  1.02s/it]
 51%|█████▏    | 608/1182 [10:23<09:42,  1.02s/it]
 52%|█████▏    | 609/1182 [10:24<09:41,  1.02s/it]
 52%|█████▏    | 610/1182 [10:25<09:39,  1.01s/it]
 52%|█████▏    | 611/1182 [10:26<09:37,  1.01s/it]
 52%|█████▏    | 612/1182 [10:27<09:36,  1.01s/it]
 52%|█████▏    | 613/1182 [10:28<09:35,  1.01s/it]
 52%|█████▏    | 614/1182 [10:29<09:34,  1.01s/it]
 52%|█████▏    | 615/1182 [10:30<09:34,  1.01s/it]
 52%|█████▏    | 616/1182 [10:31<09:33,  1.01s/it]
 52%|█████▏    | 617/1182 [10:32<09:31,  1.01s/it]
 52%|█████▏    | 618/1182 [10:33<09:30,  1.01s/it]
 52%|█████▏    | 619/1182 [10:34<09:29,  1.01s/it]
 52%|█████▏    | 620/1182 [10:35<09:28,  1.01s/it]
                                                  
{'loss': 0.0236, 'grad_norm': 0.381094753742218, 'learning_rate': 4.763113367174281e-06, 'epoch': 1.05}

 52%|█████▏    | 620/1182 [10:35<09:28,  1.01s/it]
 53%|█████▎    | 621/1182 [10:36<09:26,  1.01s/it]
 53%|█████▎    | 622/1182 [10:37<09:26,  1.01s/it]
 53%|█████▎    | 623/1182 [10:38<09:27,  1.01s/it]
 53%|█████▎    | 624/1182 [10:39<09:26,  1.01s/it]
 53%|█████▎    | 625/1182 [10:40<09:25,  1.01s/it]
 53%|█████▎    | 626/1182 [10:41<09:23,  1.01s/it]
 53%|█████▎    | 627/1182 [10:42<09:22,  1.01s/it]
 53%|█████▎    | 628/1182 [10:43<09:20,  1.01s/it]
 53%|█████▎    | 629/1182 [10:44<09:19,  1.01s/it]
 53%|█████▎    | 630/1182 [10:45<09:17,  1.01s/it]
 53%|█████▎    | 631/1182 [10:46<09:17,  1.01s/it]
 53%|█████▎    | 632/1182 [10:47<09:16,  1.01s/it]
 54%|█████▎    | 633/1182 [10:48<09:15,  1.01s/it]
 54%|█████▎    | 634/1182 [10:49<09:14,  1.01s/it]
 54%|█████▎    | 635/1182 [10:50<09:13,  1.01s/it]
 54%|█████▍    | 636/1182 [10:51<09:11,  1.01s/it]
 54%|█████▍    | 637/1182 [10:52<09:11,  1.01s/it]
 54%|█████▍    | 638/1182 [10:53<09:09,  1.01s/it]
 54%|█████▍    | 639/1182 [10:54<09:08,  1.01s/it]
 54%|█████▍    | 640/1182 [10:55<09:08,  1.01s/it]
                                                  
{'loss': 0.0249, 'grad_norm': 0.2975749969482422, 'learning_rate': 4.593908629441624e-06, 'epoch': 1.08}

 54%|█████▍    | 640/1182 [10:55<09:08,  1.01s/it]
 54%|█████▍    | 641/1182 [10:56<09:07,  1.01s/it]
 54%|█████▍    | 642/1182 [10:57<09:05,  1.01s/it]
 54%|█████▍    | 643/1182 [10:58<09:05,  1.01s/it]
 54%|█████▍    | 644/1182 [10:59<09:03,  1.01s/it]
 55%|█████▍    | 645/1182 [11:00<09:03,  1.01s/it]
 55%|█████▍    | 646/1182 [11:01<09:03,  1.01s/it]
 55%|█████▍    | 647/1182 [11:02<09:01,  1.01s/it]
 55%|█████▍    | 648/1182 [11:03<08:59,  1.01s/it]
 55%|█████▍    | 649/1182 [11:04<08:59,  1.01s/it]
 55%|█████▍    | 650/1182 [11:05<08:58,  1.01s/it]
 55%|█████▌    | 651/1182 [11:06<08:57,  1.01s/it]
 55%|█████▌    | 652/1182 [11:07<08:56,  1.01s/it]
 55%|█████▌    | 653/1182 [11:08<08:55,  1.01s/it]
 55%|█████▌    | 654/1182 [11:09<08:53,  1.01s/it]
 55%|█████▌    | 655/1182 [11:10<08:52,  1.01s/it]
 55%|█████▌    | 656/1182 [11:11<08:51,  1.01s/it]
 56%|█████▌    | 657/1182 [11:12<08:52,  1.01s/it]
 56%|█████▌    | 658/1182 [11:13<08:51,  1.01s/it]
 56%|█████▌    | 659/1182 [11:14<08:49,  1.01s/it]
 56%|█████▌    | 660/1182 [11:15<08:48,  1.01s/it]
                                                  
{'loss': 0.027, 'grad_norm': 0.49294883012771606, 'learning_rate': 4.424703891708968e-06, 'epoch': 1.12}

 56%|█████▌    | 660/1182 [11:15<08:48,  1.01s/it]
 56%|█████▌    | 661/1182 [11:16<08:47,  1.01s/it]
 56%|█████▌    | 662/1182 [11:17<08:46,  1.01s/it]
 56%|█████▌    | 663/1182 [11:18<08:45,  1.01s/it]
 56%|█████▌    | 664/1182 [11:19<08:44,  1.01s/it]
 56%|█████▋    | 665/1182 [11:20<08:43,  1.01s/it]
 56%|█████▋    | 666/1182 [11:21<08:41,  1.01s/it]
 56%|█████▋    | 667/1182 [11:22<08:41,  1.01s/it]
 57%|█████▋    | 668/1182 [11:23<08:40,  1.01s/it]
 57%|█████▋    | 669/1182 [11:24<08:39,  1.01s/it]
 57%|█████▋    | 670/1182 [11:25<08:38,  1.01s/it]
 57%|█████▋    | 671/1182 [11:26<08:37,  1.01s/it]
 57%|█████▋    | 672/1182 [11:27<08:35,  1.01s/it]
 57%|█████▋    | 673/1182 [11:28<08:35,  1.01s/it]
 57%|█████▋    | 674/1182 [11:29<08:34,  1.01s/it]
 57%|█████▋    | 675/1182 [11:30<08:34,  1.01s/it]
 57%|█████▋    | 676/1182 [11:31<08:32,  1.01s/it]
 57%|█████▋    | 677/1182 [11:33<08:31,  1.01s/it]
 57%|█████▋    | 678/1182 [11:34<08:30,  1.01s/it]
 57%|█████▋    | 679/1182 [11:35<08:29,  1.01s/it]
 58%|█████▊    | 680/1182 [11:36<08:27,  1.01s/it]
                                                  
{'loss': 0.0247, 'grad_norm': 0.597184956073761, 'learning_rate': 4.255499153976312e-06, 'epoch': 1.15}

 58%|█████▊    | 680/1182 [11:36<08:27,  1.01s/it]
 58%|█████▊    | 681/1182 [11:37<08:26,  1.01s/it]
 58%|█████▊    | 682/1182 [11:38<08:25,  1.01s/it]
 58%|█████▊    | 683/1182 [11:39<08:24,  1.01s/it]
 58%|█████▊    | 684/1182 [11:40<08:24,  1.01s/it]
 58%|█████▊    | 685/1182 [11:41<08:23,  1.01s/it]
 58%|█████▊    | 686/1182 [11:42<08:23,  1.01s/it]
 58%|█████▊    | 687/1182 [11:43<08:21,  1.01s/it]
 58%|█████▊    | 688/1182 [11:44<08:19,  1.01s/it]
 58%|█████▊    | 689/1182 [11:45<08:18,  1.01s/it]
 58%|█████▊    | 690/1182 [11:46<08:17,  1.01s/it]
 58%|█████▊    | 691/1182 [11:47<08:17,  1.01s/it]
 59%|█████▊    | 692/1182 [11:48<08:16,  1.01s/it]
 59%|█████▊    | 693/1182 [11:49<08:15,  1.01s/it]
 59%|█████▊    | 694/1182 [11:50<08:14,  1.01s/it]
 59%|█████▉    | 695/1182 [11:51<08:12,  1.01s/it]
 59%|█████▉    | 696/1182 [11:52<08:11,  1.01s/it]
 59%|█████▉    | 697/1182 [11:53<08:10,  1.01s/it]
 59%|█████▉    | 698/1182 [11:54<08:10,  1.01s/it]
 59%|█████▉    | 699/1182 [11:55<08:09,  1.01s/it]
 59%|█████▉    | 700/1182 [11:56<08:08,  1.01s/it]
                                                  
{'loss': 0.0222, 'grad_norm': 0.26168474555015564, 'learning_rate': 4.086294416243655e-06, 'epoch': 1.18}

 59%|█████▉    | 700/1182 [11:56<08:08,  1.01s/it]
 59%|█████▉    | 701/1182 [11:57<08:06,  1.01s/it]
 59%|█████▉    | 702/1182 [11:58<08:05,  1.01s/it]
 59%|█████▉    | 703/1182 [11:59<08:03,  1.01s/it]
 60%|█████▉    | 704/1182 [12:00<08:02,  1.01s/it]
 60%|█████▉    | 705/1182 [12:01<08:01,  1.01s/it]
 60%|█████▉    | 706/1182 [12:02<08:00,  1.01s/it]
 60%|█████▉    | 707/1182 [12:03<07:59,  1.01s/it]
 60%|█████▉    | 708/1182 [12:04<07:58,  1.01s/it]
 60%|█████▉    | 709/1182 [12:05<07:57,  1.01s/it]
 60%|██████    | 710/1182 [12:06<07:56,  1.01s/it]
 60%|██████    | 711/1182 [12:07<07:56,  1.01s/it]
 60%|██████    | 712/1182 [12:08<07:55,  1.01s/it]
 60%|██████    | 713/1182 [12:09<07:54,  1.01s/it]
 60%|██████    | 714/1182 [12:10<07:53,  1.01s/it]
 60%|██████    | 715/1182 [12:11<07:51,  1.01s/it]
 61%|██████    | 716/1182 [12:12<07:51,  1.01s/it]
 61%|██████    | 717/1182 [12:13<07:50,  1.01s/it]
 61%|██████    | 718/1182 [12:14<07:49,  1.01s/it]
 61%|██████    | 719/1182 [12:15<07:49,  1.01s/it]
 61%|██████    | 720/1182 [12:16<07:47,  1.01s/it]
                                                  
{'loss': 0.0284, 'grad_norm': 0.5911372303962708, 'learning_rate': 3.917089678510998e-06, 'epoch': 1.22}

 61%|██████    | 720/1182 [12:16<07:47,  1.01s/it]
 61%|██████    | 721/1182 [12:17<07:46,  1.01s/it]
 61%|██████    | 722/1182 [12:18<07:45,  1.01s/it]
 61%|██████    | 723/1182 [12:19<07:44,  1.01s/it]
 61%|██████▏   | 724/1182 [12:20<07:43,  1.01s/it]
 61%|██████▏   | 725/1182 [12:21<07:41,  1.01s/it]
 61%|██████▏   | 726/1182 [12:22<07:41,  1.01s/it]
 62%|██████▏   | 727/1182 [12:23<07:40,  1.01s/it]
 62%|██████▏   | 728/1182 [12:24<07:39,  1.01s/it]
 62%|██████▏   | 729/1182 [12:25<07:38,  1.01s/it]
 62%|██████▏   | 730/1182 [12:26<07:37,  1.01s/it]
 62%|██████▏   | 731/1182 [12:27<07:36,  1.01s/it]
 62%|██████▏   | 732/1182 [12:28<07:35,  1.01s/it]
 62%|██████▏   | 733/1182 [12:29<07:34,  1.01s/it]
 62%|██████▏   | 734/1182 [12:30<07:34,  1.01s/it]
 62%|██████▏   | 735/1182 [12:31<07:33,  1.01s/it]
 62%|██████▏   | 736/1182 [12:32<07:31,  1.01s/it]
 62%|██████▏   | 737/1182 [12:33<07:30,  1.01s/it]
 62%|██████▏   | 738/1182 [12:34<07:29,  1.01s/it]
 63%|██████▎   | 739/1182 [12:35<07:27,  1.01s/it]
 63%|██████▎   | 740/1182 [12:36<07:27,  1.01s/it]
                                                  
{'loss': 0.0247, 'grad_norm': 0.26035723090171814, 'learning_rate': 3.7478849407783417e-06, 'epoch': 1.25}

 63%|██████▎   | 740/1182 [12:36<07:27,  1.01s/it]
 63%|██████▎   | 741/1182 [12:37<07:25,  1.01s/it]
 63%|██████▎   | 742/1182 [12:38<07:23,  1.01s/it]
 63%|██████▎   | 743/1182 [12:39<07:22,  1.01s/it]
 63%|██████▎   | 744/1182 [12:40<07:21,  1.01s/it]
 63%|██████▎   | 745/1182 [12:41<07:20,  1.01s/it]
 63%|██████▎   | 746/1182 [12:42<07:18,  1.01s/it]
 63%|██████▎   | 747/1182 [12:43<07:17,  1.01s/it]
 63%|██████▎   | 748/1182 [12:44<07:17,  1.01s/it]
 63%|██████▎   | 749/1182 [12:45<07:16,  1.01s/it]
 63%|██████▎   | 750/1182 [12:46<07:15,  1.01s/it]
 64%|██████▎   | 751/1182 [12:47<07:14,  1.01s/it]
 64%|██████▎   | 752/1182 [12:48<07:12,  1.01s/it]
 64%|██████▎   | 753/1182 [12:49<07:11,  1.01s/it]
 64%|██████▍   | 754/1182 [12:50<07:10,  1.01s/it]
 64%|██████▍   | 755/1182 [12:51<07:09,  1.00s/it]
 64%|██████▍   | 756/1182 [12:52<07:08,  1.01s/it]
 64%|██████▍   | 757/1182 [12:53<07:08,  1.01s/it]
 64%|██████▍   | 758/1182 [12:54<07:07,  1.01s/it]
 64%|██████▍   | 759/1182 [12:55<07:05,  1.01s/it]
 64%|██████▍   | 760/1182 [12:56<07:04,  1.01s/it]
                                                  
{'loss': 0.0291, 'grad_norm': 0.2734805941581726, 'learning_rate': 3.5786802030456856e-06, 'epoch': 1.28}

 64%|██████▍   | 760/1182 [12:56<07:04,  1.01s/it]
 64%|██████▍   | 761/1182 [12:57<07:03,  1.00s/it]
 64%|██████▍   | 762/1182 [12:58<07:02,  1.00s/it]
 65%|██████▍   | 763/1182 [12:59<07:01,  1.01s/it]
 65%|██████▍   | 764/1182 [13:00<07:00,  1.01s/it]
 65%|██████▍   | 765/1182 [13:01<06:58,  1.00s/it]
 65%|██████▍   | 766/1182 [13:02<06:58,  1.00s/it]
 65%|██████▍   | 767/1182 [13:03<06:57,  1.01s/it]
 65%|██████▍   | 768/1182 [13:04<06:55,  1.00s/it]
 65%|██████▌   | 769/1182 [13:05<06:54,  1.00s/it]
 65%|██████▌   | 770/1182 [13:06<06:53,  1.00s/it]
 65%|██████▌   | 771/1182 [13:07<06:52,  1.00s/it]
 65%|██████▌   | 772/1182 [13:08<06:51,  1.00s/it]
 65%|██████▌   | 773/1182 [13:09<06:51,  1.01s/it]
 65%|██████▌   | 774/1182 [13:10<06:50,  1.01s/it]
 66%|██████▌   | 775/1182 [13:11<06:49,  1.01s/it]
 66%|██████▌   | 776/1182 [13:12<06:48,  1.01s/it]
 66%|██████▌   | 777/1182 [13:13<06:46,  1.00s/it]
 66%|██████▌   | 778/1182 [13:14<06:45,  1.00s/it]
 66%|██████▌   | 779/1182 [13:15<06:45,  1.01s/it]
 66%|██████▌   | 780/1182 [13:16<06:44,  1.01s/it]
                                                  
{'loss': 0.025, 'grad_norm': 0.48346877098083496, 'learning_rate': 3.409475465313029e-06, 'epoch': 1.32}

 66%|██████▌   | 780/1182 [13:16<06:44,  1.01s/it]
 66%|██████▌   | 781/1182 [13:17<06:43,  1.01s/it]
 66%|██████▌   | 782/1182 [13:18<06:41,  1.00s/it]
 66%|██████▌   | 783/1182 [13:20<06:40,  1.00s/it]
 66%|██████▋   | 784/1182 [13:21<06:39,  1.00s/it]
 66%|██████▋   | 785/1182 [13:22<06:38,  1.00s/it]
 66%|██████▋   | 786/1182 [13:23<06:37,  1.00s/it]
 67%|██████▋   | 787/1182 [13:24<06:36,  1.00s/it]
 67%|██████▋   | 788/1182 [13:25<06:35,  1.00s/it]
 67%|██████▋   | 789/1182 [13:26<06:34,  1.00s/it]
 67%|██████▋   | 790/1182 [13:27<06:33,  1.00s/it]
 67%|██████▋   | 791/1182 [13:28<06:33,  1.01s/it]
 67%|██████▋   | 792/1182 [13:29<06:32,  1.01s/it]
 67%|██████▋   | 793/1182 [13:30<06:31,  1.01s/it]
 67%|██████▋   | 794/1182 [13:31<06:30,  1.01s/it]
 67%|██████▋   | 795/1182 [13:32<06:29,  1.01s/it]
 67%|██████▋   | 796/1182 [13:33<06:28,  1.01s/it]
 67%|██████▋   | 797/1182 [13:34<06:26,  1.00s/it]
 68%|██████▊   | 798/1182 [13:35<06:25,  1.00s/it]
 68%|██████▊   | 799/1182 [13:36<06:25,  1.01s/it]
 68%|██████▊   | 800/1182 [13:37<06:23,  1.01s/it]
                                                  
{'loss': 0.0259, 'grad_norm': 0.5996010303497314, 'learning_rate': 3.2402707275803725e-06, 'epoch': 1.35}

 68%|██████▊   | 800/1182 [13:37<06:23,  1.01s/it]
 68%|██████▊   | 801/1182 [13:38<06:22,  1.00s/it]
 68%|██████▊   | 802/1182 [13:39<06:22,  1.01s/it]
 68%|██████▊   | 803/1182 [13:40<06:21,  1.01s/it]
 68%|██████▊   | 804/1182 [13:41<06:20,  1.01s/it]
 68%|██████▊   | 805/1182 [13:42<06:19,  1.01s/it]
 68%|██████▊   | 806/1182 [13:43<06:17,  1.01s/it]
 68%|██████▊   | 807/1182 [13:44<06:17,  1.01s/it]
 68%|██████▊   | 808/1182 [13:45<06:15,  1.01s/it]
 68%|██████▊   | 809/1182 [13:46<06:15,  1.01s/it]
 69%|██████▊   | 810/1182 [13:47<06:14,  1.01s/it]
 69%|██████▊   | 811/1182 [13:48<06:13,  1.01s/it]
 69%|██████▊   | 812/1182 [13:49<06:12,  1.01s/it]
 69%|██████▉   | 813/1182 [13:50<06:11,  1.01s/it]
 69%|██████▉   | 814/1182 [13:51<06:10,  1.01s/it]
 69%|██████▉   | 815/1182 [13:52<06:09,  1.01s/it]
 69%|██████▉   | 816/1182 [13:53<06:09,  1.01s/it]
 69%|██████▉   | 817/1182 [13:54<06:08,  1.01s/it]
 69%|██████▉   | 818/1182 [13:55<06:06,  1.01s/it]
 69%|██████▉   | 819/1182 [13:56<06:05,  1.01s/it]
 69%|██████▉   | 820/1182 [13:57<06:04,  1.01s/it]
                                                  
{'loss': 0.0223, 'grad_norm': 0.2676897346973419, 'learning_rate': 3.071065989847716e-06, 'epoch': 1.39}

 69%|██████▉   | 820/1182 [13:57<06:04,  1.01s/it]
 69%|██████▉   | 821/1182 [13:58<06:03,  1.01s/it]
 70%|██████▉   | 822/1182 [13:59<06:02,  1.01s/it]
 70%|██████▉   | 823/1182 [14:00<06:01,  1.01s/it]
 70%|██████▉   | 824/1182 [14:01<05:59,  1.01s/it]
 70%|██████▉   | 825/1182 [14:02<05:58,  1.00s/it]
 70%|██████▉   | 826/1182 [14:03<05:57,  1.00s/it]
 70%|██████▉   | 827/1182 [14:04<05:56,  1.00s/it]
 70%|███████   | 828/1182 [14:05<05:55,  1.00s/it]
 70%|███████   | 829/1182 [14:06<05:54,  1.00s/it]
 70%|███████   | 830/1182 [14:07<05:53,  1.00s/it]
 70%|███████   | 831/1182 [14:08<05:52,  1.00s/it]
 70%|███████   | 832/1182 [14:09<05:52,  1.01s/it]
 70%|███████   | 833/1182 [14:10<05:51,  1.01s/it]
 71%|███████   | 834/1182 [14:11<05:49,  1.01s/it]
 71%|███████   | 835/1182 [14:12<05:48,  1.00s/it]
 71%|███████   | 836/1182 [14:13<05:47,  1.01s/it]
 71%|███████   | 837/1182 [14:14<05:46,  1.01s/it]
 71%|███████   | 838/1182 [14:15<05:45,  1.00s/it]
 71%|███████   | 839/1182 [14:16<05:44,  1.00s/it]
 71%|███████   | 840/1182 [14:17<05:43,  1.00s/it]
                                                  
{'loss': 0.0225, 'grad_norm': 0.19321203231811523, 'learning_rate': 2.90186125211506e-06, 'epoch': 1.42}

 71%|███████   | 840/1182 [14:17<05:43,  1.00s/it]
 71%|███████   | 841/1182 [14:18<05:42,  1.00s/it]
 71%|███████   | 842/1182 [14:19<05:41,  1.00s/it]
 71%|███████▏  | 843/1182 [14:20<05:40,  1.01s/it]
 71%|███████▏  | 844/1182 [14:21<05:39,  1.00s/it]
 71%|███████▏  | 845/1182 [14:22<05:39,  1.01s/it]
 72%|███████▏  | 846/1182 [14:23<05:38,  1.01s/it]
 72%|███████▏  | 847/1182 [14:24<05:36,  1.01s/it]
 72%|███████▏  | 848/1182 [14:25<05:35,  1.01s/it]
 72%|███████▏  | 849/1182 [14:26<05:34,  1.00s/it]
 72%|███████▏  | 850/1182 [14:27<05:33,  1.00s/it]
 72%|███████▏  | 851/1182 [14:28<05:32,  1.01s/it]
 72%|███████▏  | 852/1182 [14:29<05:31,  1.00s/it]
 72%|███████▏  | 853/1182 [14:30<05:30,  1.00s/it]
 72%|███████▏  | 854/1182 [14:31<05:28,  1.00s/it]
 72%|███████▏  | 855/1182 [14:32<05:28,  1.00s/it]
 72%|███████▏  | 856/1182 [14:33<05:27,  1.00s/it]
 73%|███████▎  | 857/1182 [14:34<05:26,  1.00s/it]
 73%|███████▎  | 858/1182 [14:35<05:25,  1.00s/it]
 73%|███████▎  | 859/1182 [14:36<05:23,  1.00s/it]
 73%|███████▎  | 860/1182 [14:37<05:22,  1.00s/it]
                                                  
{'loss': 0.0233, 'grad_norm': 0.33821845054626465, 'learning_rate': 2.732656514382403e-06, 'epoch': 1.45}

 73%|███████▎  | 860/1182 [14:37<05:22,  1.00s/it]
 73%|███████▎  | 861/1182 [14:38<05:21,  1.00s/it]
 73%|███████▎  | 862/1182 [14:39<05:20,  1.00s/it]
 73%|███████▎  | 863/1182 [14:40<05:19,  1.00s/it]
 73%|███████▎  | 864/1182 [14:41<05:18,  1.00s/it]
 73%|███████▎  | 865/1182 [14:42<05:17,  1.00s/it]
 73%|███████▎  | 866/1182 [14:43<05:16,  1.00s/it]
 73%|███████▎  | 867/1182 [14:44<05:16,  1.00s/it]
 73%|███████▎  | 868/1182 [14:45<05:14,  1.00s/it]
 74%|███████▎  | 869/1182 [14:46<05:13,  1.00s/it]
 74%|███████▎  | 870/1182 [14:47<05:12,  1.00s/it]
 74%|███████▎  | 871/1182 [14:48<05:12,  1.00s/it]
 74%|███████▍  | 872/1182 [14:49<05:11,  1.00s/it]
 74%|███████▍  | 873/1182 [14:50<05:09,  1.00s/it]
 74%|███████▍  | 874/1182 [14:51<05:08,  1.00s/it]
 74%|███████▍  | 875/1182 [14:52<05:07,  1.00s/it]
 74%|███████▍  | 876/1182 [14:53<05:06,  1.00s/it]
 74%|███████▍  | 877/1182 [14:54<05:06,  1.00s/it]
 74%|███████▍  | 878/1182 [14:55<05:05,  1.01s/it]
 74%|███████▍  | 879/1182 [14:56<05:04,  1.01s/it]
 74%|███████▍  | 880/1182 [14:57<05:03,  1.00s/it]
                                                  
{'loss': 0.027, 'grad_norm': 0.42447391152381897, 'learning_rate': 2.5634517766497464e-06, 'epoch': 1.49}

 74%|███████▍  | 880/1182 [14:57<05:03,  1.00s/it]
 75%|███████▍  | 881/1182 [14:58<05:02,  1.00s/it]
 75%|███████▍  | 882/1182 [14:59<05:01,  1.00s/it]
 75%|███████▍  | 883/1182 [15:00<04:59,  1.00s/it]
 75%|███████▍  | 884/1182 [15:01<04:58,  1.00s/it]
 75%|███████▍  | 885/1182 [15:02<04:58,  1.00s/it]
 75%|███████▍  | 886/1182 [15:03<04:57,  1.00s/it]
 75%|███████▌  | 887/1182 [15:04<04:56,  1.00s/it]
 75%|███████▌  | 888/1182 [15:05<04:55,  1.00s/it]
 75%|███████▌  | 889/1182 [15:06<04:54,  1.00s/it]
 75%|███████▌  | 890/1182 [15:07<04:52,  1.00s/it]
 75%|███████▌  | 891/1182 [15:08<04:51,  1.00s/it]
 75%|███████▌  | 892/1182 [15:09<04:51,  1.00s/it]
 76%|███████▌  | 893/1182 [15:10<04:50,  1.00s/it]
 76%|███████▌  | 894/1182 [15:11<04:49,  1.00s/it]
 76%|███████▌  | 895/1182 [15:12<04:48,  1.01s/it]
 76%|███████▌  | 896/1182 [15:13<04:48,  1.01s/it]
 76%|███████▌  | 897/1182 [15:14<04:46,  1.01s/it]
 76%|███████▌  | 898/1182 [15:15<04:45,  1.00s/it]
 76%|███████▌  | 899/1182 [15:16<04:44,  1.00s/it]
 76%|███████▌  | 900/1182 [15:17<04:43,  1.00s/it]
                                                  
{'loss': 0.0264, 'grad_norm': 0.3758057951927185, 'learning_rate': 2.39424703891709e-06, 'epoch': 1.52}

 76%|███████▌  | 900/1182 [15:17<04:43,  1.00s/it]
 76%|███████▌  | 901/1182 [15:18<04:42,  1.00s/it]
 76%|███████▋  | 902/1182 [15:19<04:41,  1.00s/it]
 76%|███████▋  | 903/1182 [15:20<04:40,  1.00s/it]
 76%|███████▋  | 904/1182 [15:21<04:39,  1.00s/it]
 77%|███████▋  | 905/1182 [15:22<04:38,  1.01s/it]
 77%|███████▋  | 906/1182 [15:23<04:37,  1.01s/it]
 77%|███████▋  | 907/1182 [15:24<04:36,  1.00s/it]
 77%|███████▋  | 908/1182 [15:25<04:34,  1.00s/it]
 77%|███████▋  | 909/1182 [15:26<04:33,  1.00s/it]
 77%|███████▋  | 910/1182 [15:27<04:32,  1.00s/it]
 77%|███████▋  | 911/1182 [15:28<04:31,  1.00s/it]
 77%|███████▋  | 912/1182 [15:29<04:30,  1.00s/it]
 77%|███████▋  | 913/1182 [15:30<04:29,  1.00s/it]
 77%|███████▋  | 914/1182 [15:31<04:28,  1.00s/it]
 77%|███████▋  | 915/1182 [15:32<04:27,  1.00s/it]
 77%|███████▋  | 916/1182 [15:33<04:27,  1.00s/it]
 78%|███████▊  | 917/1182 [15:34<04:25,  1.00s/it]
 78%|███████▊  | 918/1182 [15:35<04:25,  1.00s/it]
 78%|███████▊  | 919/1182 [15:36<04:23,  1.00s/it]
 78%|███████▊  | 920/1182 [15:37<04:22,  1.00s/it]
                                                  
{'loss': 0.0211, 'grad_norm': 0.38384097814559937, 'learning_rate': 2.2250423011844333e-06, 'epoch': 1.55}

 78%|███████▊  | 920/1182 [15:37<04:22,  1.00s/it]
 78%|███████▊  | 921/1182 [15:38<04:21,  1.00s/it]
 78%|███████▊  | 922/1182 [15:39<04:20,  1.00s/it]
 78%|███████▊  | 923/1182 [15:40<04:19,  1.00s/it]
 78%|███████▊  | 924/1182 [15:41<04:19,  1.00s/it]
 78%|███████▊  | 925/1182 [15:42<04:18,  1.00s/it]
 78%|███████▊  | 926/1182 [15:43<04:17,  1.00s/it]
 78%|███████▊  | 927/1182 [15:44<04:15,  1.00s/it]
 79%|███████▊  | 928/1182 [15:45<04:14,  1.00s/it]
 79%|███████▊  | 929/1182 [15:46<04:13,  1.00s/it]
 79%|███████▊  | 930/1182 [15:47<04:12,  1.00s/it]
 79%|███████▉  | 931/1182 [15:48<04:11,  1.00s/it]
 79%|███████▉  | 932/1182 [15:49<04:10,  1.00s/it]
 79%|███████▉  | 933/1182 [15:50<04:09,  1.00s/it]
 79%|███████▉  | 934/1182 [15:51<04:08,  1.00s/it]
 79%|███████▉  | 935/1182 [15:52<04:07,  1.00s/it]
 79%|███████▉  | 936/1182 [15:53<04:06,  1.00s/it]
 79%|███████▉  | 937/1182 [15:54<04:05,  1.00s/it]
 79%|███████▉  | 938/1182 [15:55<04:04,  1.00s/it]
 79%|███████▉  | 939/1182 [15:56<04:03,  1.00s/it]
 80%|███████▉  | 940/1182 [15:57<04:02,  1.00s/it]
                                                  
{'loss': 0.0237, 'grad_norm': 0.28688448667526245, 'learning_rate': 2.0558375634517767e-06, 'epoch': 1.59}

 80%|███████▉  | 940/1182 [15:57<04:02,  1.00s/it]
 80%|███████▉  | 941/1182 [15:58<04:01,  1.00s/it]
 80%|███████▉  | 942/1182 [15:59<04:00,  1.00s/it]
 80%|███████▉  | 943/1182 [16:00<03:59,  1.00s/it]
 80%|███████▉  | 944/1182 [16:01<03:58,  1.00s/it]
 80%|███████▉  | 945/1182 [16:02<03:57,  1.00s/it]
 80%|████████  | 946/1182 [16:03<03:56,  1.00s/it]
 80%|████████  | 947/1182 [16:04<03:55,  1.00s/it]
 80%|████████  | 948/1182 [16:05<03:54,  1.00s/it]
 80%|████████  | 949/1182 [16:06<03:53,  1.00s/it]
 80%|████████  | 950/1182 [16:07<03:52,  1.00s/it]
 80%|████████  | 951/1182 [16:08<03:51,  1.00s/it]
 81%|████████  | 952/1182 [16:09<03:50,  1.00s/it]
 81%|████████  | 953/1182 [16:10<03:49,  1.00s/it]
 81%|████████  | 954/1182 [16:11<03:48,  1.00s/it]
 81%|████████  | 955/1182 [16:12<03:48,  1.01s/it]
 81%|████████  | 956/1182 [16:13<03:47,  1.01s/it]
 81%|████████  | 957/1182 [16:14<03:46,  1.01s/it]
 81%|████████  | 958/1182 [16:15<03:45,  1.01s/it]
 81%|████████  | 959/1182 [16:16<03:43,  1.00s/it]
 81%|████████  | 960/1182 [16:17<03:42,  1.00s/it]
                                                  
{'loss': 0.023, 'grad_norm': 0.47482725977897644, 'learning_rate': 1.8866328257191202e-06, 'epoch': 1.62}

 81%|████████  | 960/1182 [16:17<03:42,  1.00s/it]
 81%|████████▏ | 961/1182 [16:18<03:41,  1.00s/it]
 81%|████████▏ | 962/1182 [16:19<03:40,  1.00s/it]
 81%|████████▏ | 963/1182 [16:20<03:40,  1.00s/it]
 82%|████████▏ | 964/1182 [16:21<03:38,  1.00s/it]
 82%|████████▏ | 965/1182 [16:22<03:38,  1.00s/it]
 82%|████████▏ | 966/1182 [16:23<03:36,  1.00s/it]
 82%|████████▏ | 967/1182 [16:24<03:35,  1.00s/it]
 82%|████████▏ | 968/1182 [16:25<03:34,  1.00s/it]
 82%|████████▏ | 969/1182 [16:26<03:33,  1.00s/it]
 82%|████████▏ | 970/1182 [16:27<03:32,  1.00s/it]
 82%|████████▏ | 971/1182 [16:28<03:31,  1.00s/it]
 82%|████████▏ | 972/1182 [16:29<03:30,  1.00s/it]
 82%|████████▏ | 973/1182 [16:30<03:29,  1.00s/it]
 82%|████████▏ | 974/1182 [16:31<03:28,  1.00s/it]
 82%|████████▏ | 975/1182 [16:32<03:27,  1.00s/it]
 83%|████████▎ | 976/1182 [16:33<03:27,  1.00s/it]
 83%|████████▎ | 977/1182 [16:34<03:26,  1.01s/it]
 83%|████████▎ | 978/1182 [16:35<03:25,  1.01s/it]
 83%|████████▎ | 979/1182 [16:36<03:23,  1.00s/it]
 83%|████████▎ | 980/1182 [16:37<03:23,  1.01s/it]
                                                  
{'loss': 0.0237, 'grad_norm': 0.3672850728034973, 'learning_rate': 1.7174280879864639e-06, 'epoch': 1.66}

 83%|████████▎ | 980/1182 [16:37<03:23,  1.01s/it]
 83%|████████▎ | 981/1182 [16:38<03:22,  1.01s/it]
 83%|████████▎ | 982/1182 [16:39<03:21,  1.01s/it]
 83%|████████▎ | 983/1182 [16:40<03:19,  1.00s/it]
 83%|████████▎ | 984/1182 [16:41<03:18,  1.00s/it]
 83%|████████▎ | 985/1182 [16:42<03:17,  1.00s/it]
 83%|████████▎ | 986/1182 [16:43<03:16,  1.00s/it]
 84%|████████▎ | 987/1182 [16:44<03:15,  1.00s/it]
 84%|████████▎ | 988/1182 [16:45<03:14,  1.00s/it]
 84%|████████▎ | 989/1182 [16:46<03:13,  1.00s/it]
 84%|████████▍ | 990/1182 [16:47<03:12,  1.00s/it]
 84%|████████▍ | 991/1182 [16:48<03:11,  1.00s/it]
 84%|████████▍ | 992/1182 [16:49<03:10,  1.00s/it]
 84%|████████▍ | 993/1182 [16:50<03:09,  1.00s/it]
 84%|████████▍ | 994/1182 [16:51<03:08,  1.00s/it]
 84%|████████▍ | 995/1182 [16:52<03:07,  1.00s/it]
 84%|████████▍ | 996/1182 [16:53<03:06,  1.00s/it]
 84%|████████▍ | 997/1182 [16:54<03:05,  1.00s/it]
 84%|████████▍ | 998/1182 [16:55<03:04,  1.00s/it]
 85%|████████▍ | 999/1182 [16:56<03:03,  1.00s/it]
 85%|████████▍ | 1000/1182 [16:57<03:02,  1.00s/it]
                                                   
{'loss': 0.0241, 'grad_norm': 0.2457442730665207, 'learning_rate': 1.5482233502538071e-06, 'epoch': 1.69}

 85%|████████▍ | 1000/1182 [16:57<03:02,  1.00s/it]
 85%|████████▍ | 1001/1182 [16:58<03:02,  1.01s/it]
 85%|████████▍ | 1002/1182 [16:59<03:01,  1.01s/it]
 85%|████████▍ | 1003/1182 [17:00<02:59,  1.00s/it]
 85%|████████▍ | 1004/1182 [17:01<02:58,  1.00s/it]
 85%|████████▌ | 1005/1182 [17:02<02:57,  1.00s/it]
 85%|████████▌ | 1006/1182 [17:03<02:56,  1.00s/it]
 85%|████████▌ | 1007/1182 [17:04<02:55,  1.00s/it]
 85%|████████▌ | 1008/1182 [17:05<02:54,  1.00s/it]
 85%|████████▌ | 1009/1182 [17:06<02:53,  1.00s/it]
 85%|████████▌ | 1010/1182 [17:07<02:52,  1.00s/it]
 86%|████████▌ | 1011/1182 [17:08<02:51,  1.00s/it]
 86%|████████▌ | 1012/1182 [17:09<02:50,  1.00s/it]
 86%|████████▌ | 1013/1182 [17:10<02:49,  1.00s/it]
 86%|████████▌ | 1014/1182 [17:11<02:48,  1.00s/it]
 86%|████████▌ | 1015/1182 [17:12<02:47,  1.00s/it]
 86%|████████▌ | 1016/1182 [17:13<02:46,  1.00s/it]
 86%|████████▌ | 1017/1182 [17:14<02:45,  1.01s/it]
 86%|████████▌ | 1018/1182 [17:15<02:45,  1.01s/it]
 86%|████████▌ | 1019/1182 [17:16<02:43,  1.01s/it]
 86%|████████▋ | 1020/1182 [17:17<02:42,  1.00s/it]
                                                   
{'loss': 0.0264, 'grad_norm': 0.6573842763900757, 'learning_rate': 1.3790186125211508e-06, 'epoch': 1.72}

 86%|████████▋ | 1020/1182 [17:17<02:42,  1.00s/it]
 86%|████████▋ | 1021/1182 [17:18<02:41,  1.00s/it]
 86%|████████▋ | 1022/1182 [17:19<02:40,  1.00s/it]
 87%|████████▋ | 1023/1182 [17:20<02:39,  1.00s/it]
 87%|████████▋ | 1024/1182 [17:22<02:38,  1.01s/it]
 87%|████████▋ | 1025/1182 [17:23<02:37,  1.00s/it]
 87%|████████▋ | 1026/1182 [17:24<02:36,  1.00s/it]
 87%|████████▋ | 1027/1182 [17:25<02:35,  1.00s/it]
 87%|████████▋ | 1028/1182 [17:26<02:34,  1.00s/it]
 87%|████████▋ | 1029/1182 [17:27<02:33,  1.00s/it]
 87%|████████▋ | 1030/1182 [17:28<02:32,  1.00s/it]
 87%|████████▋ | 1031/1182 [17:29<02:31,  1.00s/it]
 87%|████████▋ | 1032/1182 [17:30<02:30,  1.00s/it]
 87%|████████▋ | 1033/1182 [17:31<02:29,  1.00s/it]
 87%|████████▋ | 1034/1182 [17:32<02:28,  1.00s/it]
 88%|████████▊ | 1035/1182 [17:33<02:27,  1.00s/it]
 88%|████████▊ | 1036/1182 [17:34<02:26,  1.00s/it]
 88%|████████▊ | 1037/1182 [17:35<02:25,  1.00s/it]
 88%|████████▊ | 1038/1182 [17:36<02:24,  1.00s/it]
 88%|████████▊ | 1039/1182 [17:37<02:23,  1.00s/it]
 88%|████████▊ | 1040/1182 [17:38<02:22,  1.00s/it]
                                                   
{'loss': 0.0286, 'grad_norm': 0.5485239028930664, 'learning_rate': 1.2098138747884943e-06, 'epoch': 1.76}

 88%|████████▊ | 1040/1182 [17:38<02:22,  1.00s/it]
 88%|████████▊ | 1041/1182 [17:39<02:21,  1.00s/it]
 88%|████████▊ | 1042/1182 [17:40<02:20,  1.00s/it]
 88%|████████▊ | 1043/1182 [17:41<02:19,  1.00s/it]
 88%|████████▊ | 1044/1182 [17:42<02:18,  1.00s/it]
 88%|████████▊ | 1045/1182 [17:43<02:17,  1.00s/it]
 88%|████████▊ | 1046/1182 [17:44<02:16,  1.00s/it]
 89%|████████▊ | 1047/1182 [17:45<02:15,  1.00s/it]
 89%|████████▊ | 1048/1182 [17:46<02:14,  1.00s/it]
 89%|████████▊ | 1049/1182 [17:47<02:13,  1.00s/it]
 89%|████████▉ | 1050/1182 [17:48<02:12,  1.00s/it]
 89%|████████▉ | 1051/1182 [17:49<02:11,  1.00s/it]
 89%|████████▉ | 1052/1182 [17:50<02:10,  1.00s/it]
 89%|████████▉ | 1053/1182 [17:51<02:09,  1.00s/it]
 89%|████████▉ | 1054/1182 [17:52<02:08,  1.00s/it]
 89%|████████▉ | 1055/1182 [17:53<02:07,  1.00s/it]
 89%|████████▉ | 1056/1182 [17:54<02:06,  1.00s/it]
 89%|████████▉ | 1057/1182 [17:55<02:05,  1.00s/it]
 90%|████████▉ | 1058/1182 [17:56<02:04,  1.00s/it]
 90%|████████▉ | 1059/1182 [17:57<02:03,  1.00s/it]
 90%|████████▉ | 1060/1182 [17:58<02:02,  1.00s/it]
                                                   
{'loss': 0.0243, 'grad_norm': 0.2663995325565338, 'learning_rate': 1.0406091370558377e-06, 'epoch': 1.79}

 90%|████████▉ | 1060/1182 [17:58<02:02,  1.00s/it]
 90%|████████▉ | 1061/1182 [17:59<02:01,  1.00s/it]
 90%|████████▉ | 1062/1182 [18:00<02:00,  1.00s/it]
 90%|████████▉ | 1063/1182 [18:01<01:59,  1.00s/it]
 90%|█████████ | 1064/1182 [18:02<01:58,  1.00s/it]
 90%|█████████ | 1065/1182 [18:03<01:57,  1.00s/it]
 90%|█████████ | 1066/1182 [18:04<01:56,  1.00s/it]
 90%|█████████ | 1067/1182 [18:05<01:55,  1.00s/it]
 90%|█████████ | 1068/1182 [18:06<01:54,  1.00s/it]
 90%|█████████ | 1069/1182 [18:07<01:53,  1.00s/it]
 91%|█████████ | 1070/1182 [18:08<01:52,  1.00s/it]
 91%|█████████ | 1071/1182 [18:09<01:51,  1.00s/it]
 91%|█████████ | 1072/1182 [18:10<01:50,  1.00s/it]
 91%|█████████ | 1073/1182 [18:11<01:49,  1.00s/it]
 91%|█████████ | 1074/1182 [18:12<01:48,  1.00s/it]
 91%|█████████ | 1075/1182 [18:13<01:47,  1.00s/it]
 91%|█████████ | 1076/1182 [18:14<01:46,  1.00s/it]
 91%|█████████ | 1077/1182 [18:15<01:45,  1.00s/it]
 91%|█████████ | 1078/1182 [18:16<01:44,  1.00s/it]
 91%|█████████▏| 1079/1182 [18:17<01:51,  1.09s/it]
 91%|█████████▏| 1080/1182 [18:18<01:48,  1.06s/it]
                                                   
{'loss': 0.0245, 'grad_norm': 0.5578121542930603, 'learning_rate': 8.714043993231812e-07, 'epoch': 1.83}

 91%|█████████▏| 1080/1182 [18:18<01:48,  1.06s/it]
 91%|█████████▏| 1081/1182 [18:19<01:45,  1.04s/it]
 92%|█████████▏| 1082/1182 [18:20<01:43,  1.03s/it]
 92%|█████████▏| 1083/1182 [18:21<01:41,  1.02s/it]
 92%|█████████▏| 1084/1182 [18:22<01:39,  1.02s/it]
 92%|█████████▏| 1085/1182 [18:23<01:38,  1.01s/it]
 92%|█████████▏| 1086/1182 [18:24<01:36,  1.01s/it]
 92%|█████████▏| 1087/1182 [18:25<01:35,  1.01s/it]
 92%|█████████▏| 1088/1182 [18:26<01:34,  1.01s/it]
 92%|█████████▏| 1089/1182 [18:27<01:33,  1.01s/it]
 92%|█████████▏| 1090/1182 [18:28<01:32,  1.00s/it]
 92%|█████████▏| 1091/1182 [18:29<01:31,  1.00s/it]
 92%|█████████▏| 1092/1182 [18:30<01:30,  1.00s/it]
 92%|█████████▏| 1093/1182 [18:31<01:29,  1.00s/it]
 93%|█████████▎| 1094/1182 [18:32<01:28,  1.00s/it]
 93%|█████████▎| 1095/1182 [18:33<01:27,  1.00s/it]
 93%|█████████▎| 1096/1182 [18:34<01:26,  1.01s/it]
 93%|█████████▎| 1097/1182 [18:35<01:25,  1.01s/it]
 93%|█████████▎| 1098/1182 [18:36<01:24,  1.00s/it]
 93%|█████████▎| 1099/1182 [18:37<01:23,  1.00s/it]
 93%|█████████▎| 1100/1182 [18:38<01:22,  1.00s/it]
                                                   
{'loss': 0.0222, 'grad_norm': 0.4445053040981293, 'learning_rate': 7.021996615905245e-07, 'epoch': 1.86}

 93%|█████████▎| 1100/1182 [18:38<01:22,  1.00s/it]
 93%|█████████▎| 1101/1182 [18:39<01:21,  1.00s/it]
 93%|█████████▎| 1102/1182 [18:40<01:20,  1.00s/it]
 93%|█████████▎| 1103/1182 [18:41<01:19,  1.00s/it]
 93%|█████████▎| 1104/1182 [18:42<01:18,  1.00s/it]
 93%|█████████▎| 1105/1182 [18:43<01:17,  1.00s/it]
 94%|█████████▎| 1106/1182 [18:44<01:16,  1.00s/it]
 94%|█████████▎| 1107/1182 [18:45<01:15,  1.00s/it]
 94%|█████████▎| 1108/1182 [18:46<01:14,  1.00s/it]
 94%|█████████▍| 1109/1182 [18:47<01:13,  1.00s/it]
 94%|█████████▍| 1110/1182 [18:48<01:12,  1.00s/it]
 94%|█████████▍| 1111/1182 [18:49<01:11,  1.00s/it]
 94%|█████████▍| 1112/1182 [18:50<01:10,  1.00s/it]
 94%|█████████▍| 1113/1182 [18:51<01:09,  1.00s/it]
 94%|█████████▍| 1114/1182 [18:52<01:08,  1.00s/it]
 94%|█████████▍| 1115/1182 [18:53<01:07,  1.00s/it]
 94%|█████████▍| 1116/1182 [18:54<01:06,  1.00s/it]
 95%|█████████▍| 1117/1182 [18:55<01:05,  1.00s/it]
 95%|█████████▍| 1118/1182 [18:56<01:04,  1.00s/it]
 95%|█████████▍| 1119/1182 [18:57<01:03,  1.00s/it]
 95%|█████████▍| 1120/1182 [18:58<01:02,  1.00s/it]
                                                   
{'loss': 0.0279, 'grad_norm': 0.1831810623407364, 'learning_rate': 5.329949238578681e-07, 'epoch': 1.89}

 95%|█████████▍| 1120/1182 [18:58<01:02,  1.00s/it]
 95%|█████████▍| 1121/1182 [18:59<01:01,  1.00s/it]
 95%|█████████▍| 1122/1182 [19:00<01:00,  1.00s/it]
 95%|█████████▌| 1123/1182 [19:01<00:59,  1.00s/it]
 95%|█████████▌| 1124/1182 [19:02<00:58,  1.00s/it]
 95%|█████████▌| 1125/1182 [19:03<00:57,  1.00s/it]
 95%|█████████▌| 1126/1182 [19:04<00:56,  1.00s/it]
 95%|█████████▌| 1127/1182 [19:05<00:55,  1.00s/it]
 95%|█████████▌| 1128/1182 [19:06<00:54,  1.00s/it]
 96%|█████████▌| 1129/1182 [19:07<00:53,  1.00s/it]
 96%|█████████▌| 1130/1182 [19:08<00:52,  1.00s/it]
 96%|█████████▌| 1131/1182 [19:09<00:51,  1.00s/it]
 96%|█████████▌| 1132/1182 [19:10<00:50,  1.00s/it]
 96%|█████████▌| 1133/1182 [19:11<00:49,  1.00s/it]
 96%|█████████▌| 1134/1182 [19:12<00:48,  1.00s/it]
 96%|█████████▌| 1135/1182 [19:13<00:47,  1.00s/it]
 96%|█████████▌| 1136/1182 [19:14<00:46,  1.00s/it]
 96%|█████████▌| 1137/1182 [19:15<00:45,  1.00s/it]
 96%|█████████▋| 1138/1182 [19:16<00:44,  1.00s/it]
 96%|█████████▋| 1139/1182 [19:17<00:43,  1.00s/it]
 96%|█████████▋| 1140/1182 [19:18<00:42,  1.00s/it]
                                                   
{'loss': 0.025, 'grad_norm': 0.28365474939346313, 'learning_rate': 3.637901861252115e-07, 'epoch': 1.93}

 96%|█████████▋| 1140/1182 [19:18<00:42,  1.00s/it]
 97%|█████████▋| 1141/1182 [19:19<00:41,  1.00s/it]
 97%|█████████▋| 1142/1182 [19:20<00:40,  1.00s/it]
 97%|█████████▋| 1143/1182 [19:21<00:39,  1.00s/it]
 97%|█████████▋| 1144/1182 [19:22<00:38,  1.00s/it]
 97%|█████████▋| 1145/1182 [19:23<00:37,  1.00s/it]
 97%|█████████▋| 1146/1182 [19:24<00:36,  1.00s/it]
 97%|█████████▋| 1147/1182 [19:25<00:35,  1.00s/it]
 97%|█████████▋| 1148/1182 [19:26<00:34,  1.00s/it]
 97%|█████████▋| 1149/1182 [19:27<00:33,  1.00s/it]
 97%|█████████▋| 1150/1182 [19:28<00:32,  1.00s/it]
 97%|█████████▋| 1151/1182 [19:29<00:31,  1.00s/it]
 97%|█████████▋| 1152/1182 [19:30<00:30,  1.00s/it]
 98%|█████████▊| 1153/1182 [19:31<00:29,  1.00s/it]
 98%|█████████▊| 1154/1182 [19:32<00:28,  1.00s/it]
 98%|█████████▊| 1155/1182 [19:33<00:27,  1.00s/it]
 98%|█████████▊| 1156/1182 [19:34<00:26,  1.00s/it]
 98%|█████████▊| 1157/1182 [19:35<00:25,  1.00s/it]
 98%|█████████▊| 1158/1182 [19:36<00:24,  1.00s/it]
 98%|█████████▊| 1159/1182 [19:37<00:23,  1.00s/it]
 98%|█████████▊| 1160/1182 [19:38<00:22,  1.00s/it]
                                                   
{'loss': 0.0233, 'grad_norm': 0.2557111978530884, 'learning_rate': 1.94585448392555e-07, 'epoch': 1.96}

 98%|█████████▊| 1160/1182 [19:38<00:22,  1.00s/it]
 98%|█████████▊| 1161/1182 [19:39<00:21,  1.00s/it]
 98%|█████████▊| 1162/1182 [19:40<00:20,  1.00s/it]
 98%|█████████▊| 1163/1182 [19:41<00:19,  1.00s/it]
 98%|█████████▊| 1164/1182 [19:42<00:18,  1.00s/it]
 99%|█████████▊| 1165/1182 [19:43<00:17,  1.00s/it]
 99%|█████████▊| 1166/1182 [19:44<00:16,  1.00s/it]
 99%|█████████▊| 1167/1182 [19:45<00:15,  1.00s/it]
 99%|█████████▉| 1168/1182 [19:46<00:14,  1.00s/it]
 99%|█████████▉| 1169/1182 [19:47<00:13,  1.00s/it]
 99%|█████████▉| 1170/1182 [19:48<00:12,  1.00s/it]
 99%|█████████▉| 1171/1182 [19:49<00:11,  1.00s/it]
 99%|█████████▉| 1172/1182 [19:50<00:10,  1.00s/it]
 99%|█████████▉| 1173/1182 [19:51<00:09,  1.00s/it]
 99%|█████████▉| 1174/1182 [19:52<00:08,  1.00s/it]
 99%|█████████▉| 1175/1182 [19:53<00:07,  1.00s/it]
 99%|█████████▉| 1176/1182 [19:54<00:06,  1.00s/it]
100%|█████████▉| 1177/1182 [19:55<00:05,  1.00s/it]
100%|█████████▉| 1178/1182 [19:56<00:04,  1.00s/it]
100%|█████████▉| 1179/1182 [19:57<00:03,  1.00s/it]
100%|█████████▉| 1180/1182 [19:58<00:02,  1.00s/it]
                                                   
{'loss': 0.0188, 'grad_norm': 0.5644518136978149, 'learning_rate': 2.538071065989848e-08, 'epoch': 1.99}

100%|█████████▉| 1180/1182 [19:58<00:02,  1.00s/it]
100%|█████████▉| 1181/1182 [19:59<00:01,  1.00s/it]
100%|██████████| 1182/1182 [20:00<00:00,  1.06s/it]
                                                   
{'train_runtime': 1202.3727, 'train_samples_per_second': 7.868, 'train_steps_per_second': 0.983, 'train_loss': 0.09398702998187033, 'epoch': 2.0}

100%|██████████| 1182/1182 [20:02<00:00,  1.06s/it]
100%|██████████| 1182/1182 [20:02<00:00,  1.02s/it]

Loading checkpoint shards:   0%|          | 0/2 [00:00<?, ?it/s]
Loading checkpoint shards:  50%|█████     | 1/2 [00:01<00:01,  1.04s/it]
Loading checkpoint shards: 100%|██████████| 2/2 [00:01<00:00,  1.73it/s]
Loading checkpoint shards: 100%|██████████| 2/2 [00:01<00:00,  1.54it/s]
No label_names provided for model class `PeftModelForCausalLM`. Since `PeftModel` hides base models input arguments, if label_names is not given, label_names can't be set automatically within `Trainer`. Note that empty label_names list will be used instead.

  0%|          | 0/300 [00:00<?, ?it/s]`generation_config` default values have been modified to match model-specific defaults: {'temperature': 0.7, 'top_k': 20, 'top_p': 0.8, 'repetition_penalty': 1.05, 'bos_token_id': 151643, 'eos_token_id': [151645, 151643]}. If this is not desired, please set these values explicitly.
[alignment-check] sample=Ses01M_script02_2_t37__target_2382 gold=neutral completion='  \n<think>\nUse the dialogue history, prior emotions, and next-speaker identity to forecast the next emotion.\n</think>\n<e'
[alignment-check] sample=Ses01M_script02_2_t37__target_2382 gold=neutral completion=' <think>\nConsider the last few exchanges and the general tone.\n</think><emotion>neutral</emotion>'

  0%|          | 1/300 [00:15<1:18:30, 15.76s/it]
  1%|          | 2/300 [00:35<1:30:13, 18.17s/it]
  1%|          | 3/300 [00:55<1:32:45, 18.74s/it]
  1%|▏         | 4/300 [01:10<1:25:47, 17.39s/it]
  2%|▏         | 5/300 [01:28<1:27:18, 17.76s/it]
  2%|▏         | 6/300 [01:48<1:30:04, 18.38s/it]
  2%|▏         | 7/300 [02:08<1:32:17, 18.90s/it]
  3%|▎         | 8/300 [02:27<1:32:58, 19.10s/it]
  3%|▎         | 9/300 [02:45<1:30:54, 18.74s/it]
  3%|▎         | 10/300 [03:09<1:38:10, 20.31s/it]
                                                  
{'loss': 0.0, 'grad_norm': 0.7070146203041077, 'learning_rate': 9.7e-07, 'rewards/reward_fn': 0.774030601233244, 'reward': 0.774030601233244, 'reward_std': 0.18680587075650693, 'completion_length': 44.2875, 'kl': 0.023884098409325816, 'epoch': 0.01}

  3%|▎         | 10/300 [03:09<1:38:10, 20.31s/it]
  4%|▎         | 11/300 [03:28<1:35:09, 19.75s/it]
  4%|▍         | 12/300 [03:44<1:29:09, 18.57s/it]
  4%|▍         | 13/300 [03:56<1:20:36, 16.85s/it]
  5%|▍         | 14/300 [04:15<1:22:11, 17.24s/it]
  5%|▌         | 15/300 [04:29<1:17:51, 16.39s/it]
  5%|▌         | 16/300 [04:46<1:17:56, 16.47s/it]
  6%|▌         | 17/300 [05:00<1:15:00, 15.90s/it]
  6%|▌         | 18/300 [05:16<1:15:06, 15.98s/it]
  6%|▋         | 19/300 [05:28<1:08:51, 14.70s/it]
  7%|▋         | 20/300 [05:41<1:06:19, 14.21s/it]
                                                  
{'loss': 0.0, 'grad_norm': 0.0010055365273728967, 'learning_rate': 9.366666666666666e-07, 'rewards/reward_fn': 0.850284019857645, 'reward': 0.850284019857645, 'reward_std': 0.05454352269880473, 'completion_length': 36.4375, 'kl': 0.004637275131972274, 'epoch': 0.02}

  7%|▋         | 20/300 [05:41<1:06:19, 14.21s/it]
  7%|▋         | 21/300 [05:53<1:02:07, 13.36s/it]
  7%|▋         | 22/300 [06:07<1:03:13, 13.65s/it]
  8%|▊         | 23/300 [06:24<1:07:18, 14.58s/it]
  8%|▊         | 24/300 [06:39<1:08:50, 14.97s/it]
  8%|▊         | 25/300 [06:57<1:12:14, 15.76s/it]
  9%|▊         | 26/300 [07:15<1:15:19, 16.49s/it]
  9%|▉         | 27/300 [07:29<1:11:52, 15.80s/it]
  9%|▉         | 28/300 [07:43<1:09:12, 15.27s/it]
 10%|▉         | 29/300 [07:59<1:09:53, 15.47s/it]
 10%|█         | 30/300 [08:18<1:14:07, 16.47s/it]
                                                  
{'loss': 0.0, 'grad_norm': 0.9236956834793091, 'learning_rate': 9.033333333333333e-07, 'rewards/reward_fn': 0.8388755939900875, 'reward': 0.8388755939900875, 'reward_std': 0.09121937863528728, 'completion_length': 38.875, 'kl': 0.003612775278816116, 'epoch': 0.03}

 10%|█         | 30/300 [08:18<1:14:07, 16.47s/it]
 10%|█         | 31/300 [08:32<1:09:44, 15.56s/it]
 11%|█         | 32/300 [08:44<1:05:49, 14.74s/it]
 11%|█         | 33/300 [09:02<1:08:44, 15.45s/it]
 11%|█▏        | 34/300 [09:23<1:16:15, 17.20s/it]
 12%|█▏        | 35/300 [09:39<1:14:17, 16.82s/it]
 12%|█▏        | 36/300 [10:00<1:19:54, 18.16s/it]
 12%|█▏        | 37/300 [10:18<1:19:15, 18.08s/it]
 13%|█▎        | 38/300 [10:30<1:11:30, 16.38s/it]
 13%|█▎        | 39/300 [10:42<1:05:29, 15.06s/it]
 13%|█▎        | 40/300 [10:56<1:03:51, 14.74s/it]
                                                  
{'loss': 0.0, 'grad_norm': 1.0319175720214844, 'learning_rate': 8.699999999999999e-07, 'rewards/reward_fn': 0.8275240655988455, 'reward': 0.8275240655988455, 'reward_std': 0.16164672635495664, 'completion_length': 37.5875, 'kl': 0.0050046078642481005, 'epoch': 0.03}

 13%|█▎        | 40/300 [10:56<1:03:51, 14.74s/it]
 14%|█▎        | 41/300 [11:22<1:17:07, 17.87s/it]
 14%|█▍        | 42/300 [11:45<1:23:54, 19.52s/it]
 14%|█▍        | 43/300 [12:07<1:27:27, 20.42s/it]
 15%|█▍        | 44/300 [12:26<1:24:31, 19.81s/it]
 15%|█▌        | 45/300 [12:49<1:28:40, 20.86s/it]
 15%|█▌        | 46/300 [13:05<1:22:24, 19.47s/it]
 16%|█▌        | 47/300 [13:16<1:11:24, 16.93s/it]
 16%|█▌        | 48/300 [13:29<1:05:28, 15.59s/it]
 16%|█▋        | 49/300 [13:43<1:04:00, 15.30s/it]
 17%|█▋        | 50/300 [14:02<1:07:26, 16.19s/it]
                                                  
{'loss': 0.0, 'grad_norm': 1.5200386047363281, 'learning_rate': 8.366666666666667e-07, 'rewards/reward_fn': 0.7567324504256249, 'reward': 0.7567324504256249, 'reward_std': 0.1327773280441761, 'completion_length': 43.05, 'kl': 0.004460069643937459, 'epoch': 0.04}

 17%|█▋        | 50/300 [14:02<1:07:26, 16.19s/it]
 17%|█▋        | 51/300 [14:18<1:07:23, 16.24s/it]
 17%|█▋        | 52/300 [14:41<1:15:30, 18.27s/it]
 18%|█▊        | 53/300 [14:57<1:11:52, 17.46s/it]
 18%|█▊        | 54/300 [15:08<1:03:28, 15.48s/it]
 18%|█▊        | 55/300 [15:20<59:08, 14.48s/it]  
 19%|█▊        | 56/300 [15:38<1:04:08, 15.77s/it]
 19%|█▉        | 57/300 [15:51<59:46, 14.76s/it]  
 19%|█▉        | 58/300 [16:19<1:16:13, 18.90s/it]
 20%|█▉        | 59/300 [16:38<1:15:18, 18.75s/it]
 20%|██        | 60/300 [17:03<1:23:01, 20.75s/it]
                                                  
{'loss': 0.0, 'grad_norm': 1.6138932704925537, 'learning_rate': 8.033333333333333e-07, 'rewards/reward_fn': 0.6998864248394966, 'reward': 0.6998864248394966, 'reward_std': 0.1269434740766883, 'completion_length': 45.75, 'kl': 0.008336728314316134, 'epoch': 0.05}

 20%|██        | 60/300 [17:03<1:23:01, 20.75s/it]
 20%|██        | 61/300 [17:17<1:14:55, 18.81s/it]
 21%|██        | 62/300 [17:32<1:09:00, 17.40s/it]
 21%|██        | 63/300 [17:43<1:01:14, 15.50s/it]
 21%|██▏       | 64/300 [17:59<1:01:42, 15.69s/it]
 22%|██▏       | 65/300 [18:13<59:53, 15.29s/it]  
 22%|██▏       | 66/300 [18:39<1:11:33, 18.35s/it]
 22%|██▏       | 67/300 [18:53<1:06:22, 17.09s/it]
 23%|██▎       | 68/300 [19:11<1:07:55, 17.57s/it]
 23%|██▎       | 69/300 [19:30<1:08:22, 17.76s/it]
 23%|██▎       | 70/300 [19:44<1:04:38, 16.86s/it]
                                                  
{'loss': 0.0, 'grad_norm': 2.650235652923584, 'learning_rate': 7.699999999999999e-07, 'rewards/reward_fn': 0.7748251214623452, 'reward': 0.7748251214623452, 'reward_std': 0.1690401732455939, 'completion_length': 37.7375, 'kl': 0.012027950948686339, 'epoch': 0.06}

 23%|██▎       | 70/300 [19:44<1:04:38, 16.86s/it]
 24%|██▎       | 71/300 [20:05<1:08:24, 17.92s/it]
 24%|██▍       | 72/300 [20:17<1:01:29, 16.18s/it]
 24%|██▍       | 73/300 [20:40<1:08:58, 18.23s/it]
 25%|██▍       | 74/300 [20:57<1:07:25, 17.90s/it]
 25%|██▌       | 75/300 [21:12<1:04:12, 17.12s/it]
 25%|██▌       | 76/300 [21:26<59:24, 15.91s/it]  
 26%|██▌       | 77/300 [21:40<57:03, 15.35s/it]
 26%|██▌       | 78/300 [21:56<57:57, 15.67s/it]
 26%|██▋       | 79/300 [22:13<58:42, 15.94s/it]
 27%|██▋       | 80/300 [22:28<57:52, 15.78s/it]
                                                
{'loss': 0.0, 'grad_norm': 1.2297875881195068, 'learning_rate': 7.366666666666667e-07, 'rewards/reward_fn': 0.8675614818930626, 'reward': 0.8675614818930626, 'reward_std': 0.12493680957704782, 'completion_length': 38.8625, 'kl': 0.004846344974066596, 'epoch': 0.07}

 27%|██▋       | 80/300 [22:28<57:52, 15.78s/it]
 27%|██▋       | 81/300 [22:46<1:00:20, 16.53s/it]
 27%|██▋       | 82/300 [23:03<1:00:18, 16.60s/it]
 28%|██▊       | 83/300 [23:22<1:02:11, 17.20s/it]
 28%|██▊       | 84/300 [23:43<1:06:29, 18.47s/it]
 28%|██▊       | 85/300 [23:55<58:57, 16.46s/it]  
 29%|██▊       | 86/300 [24:10<57:26, 16.11s/it]
 29%|██▉       | 87/300 [24:29<1:00:02, 16.91s/it]
 29%|██▉       | 88/300 [24:48<1:01:46, 17.48s/it]
 30%|██▉       | 89/300 [25:04<1:00:46, 17.28s/it]
 30%|███       | 90/300 [25:16<54:30, 15.57s/it]  
                                                
{'loss': 0.0, 'grad_norm': 2.2325832843780518, 'learning_rate': 7.033333333333333e-07, 'rewards/reward_fn': 0.7782879188656807, 'reward': 0.7782879188656807, 'reward_std': 0.16663493104279042, 'completion_length': 40.5125, 'kl': 0.030038205890741666, 'epoch': 0.08}

 30%|███       | 90/300 [25:16<54:30, 15.57s/it]
 30%|███       | 91/300 [25:32<55:01, 15.80s/it]
 31%|███       | 92/300 [25:45<51:37, 14.89s/it]
 31%|███       | 93/300 [26:02<53:32, 15.52s/it]
 31%|███▏      | 94/300 [26:21<57:12, 16.66s/it]
 32%|███▏      | 95/300 [26:33<52:09, 15.27s/it]
 32%|███▏      | 96/300 [26:50<53:12, 15.65s/it]
 32%|███▏      | 97/300 [27:07<54:39, 16.15s/it]
 33%|███▎      | 98/300 [27:21<51:21, 15.25s/it]
 33%|███▎      | 99/300 [27:34<48:51, 14.59s/it]
 33%|███▎      | 100/300 [27:51<51:34, 15.47s/it]
                                                 
{'loss': 0.0, 'grad_norm': 2.334738254547119, 'learning_rate': 6.7e-07, 'rewards/reward_fn': 0.8115446239709854, 'reward': 0.8115446239709854, 'reward_std': 0.14176036976277828, 'completion_length': 38.3125, 'kl': 0.005307922308566049, 'epoch': 0.08}

 33%|███▎      | 100/300 [27:51<51:34, 15.47s/it]
 34%|███▎      | 101/300 [28:12<57:08, 17.23s/it]
 34%|███▍      | 102/300 [28:32<59:39, 18.08s/it]
 34%|███▍      | 103/300 [28:48<56:24, 17.18s/it]
 35%|███▍      | 104/300 [29:05<56:41, 17.36s/it]
 35%|███▌      | 105/300 [29:24<57:18, 17.63s/it]
 35%|███▌      | 106/300 [29:43<58:58, 18.24s/it]
 36%|███▌      | 107/300 [29:59<56:07, 17.45s/it]
 36%|███▌      | 108/300 [30:11<50:58, 15.93s/it]
 36%|███▋      | 109/300 [30:26<49:37, 15.59s/it]
 37%|███▋      | 110/300 [30:41<49:05, 15.50s/it]
                                                 
{'loss': 0.0, 'grad_norm': 1.4717488288879395, 'learning_rate': 6.366666666666667e-07, 'rewards/reward_fn': 0.8146595150232315, 'reward': 0.8146595150232315, 'reward_std': 0.117535618878901, 'completion_length': 39.9625, 'kl': 0.004534163328935392, 'epoch': 0.09}

 37%|███▋      | 110/300 [30:41<49:05, 15.50s/it]
 37%|███▋      | 111/300 [30:56<48:13, 15.31s/it]
 37%|███▋      | 112/300 [31:18<54:12, 17.30s/it]
 38%|███▊      | 113/300 [31:33<51:58, 16.68s/it]
 38%|███▊      | 114/300 [31:47<49:05, 15.84s/it]
 38%|███▊      | 115/300 [32:05<50:24, 16.35s/it]
 39%|███▊      | 116/300 [32:22<50:47, 16.56s/it]
 39%|███▉      | 117/300 [32:47<58:18, 19.12s/it]
 39%|███▉      | 118/300 [33:14<1:04:46, 21.35s/it]
 40%|███▉      | 119/300 [33:34<1:03:31, 21.06s/it]
 40%|████      | 120/300 [33:51<59:36, 19.87s/it]  
                                                 
{'loss': 0.0, 'grad_norm': 0.9945695996284485, 'learning_rate': 6.033333333333333e-07, 'rewards/reward_fn': 0.7345516346395016, 'reward': 0.7345516346395016, 'reward_std': 0.19039539527148008, 'completion_length': 44.3875, 'kl': 0.006195182569354074, 'epoch': 0.1}

 40%|████      | 120/300 [33:51<59:36, 19.87s/it]
 40%|████      | 121/300 [34:13<1:01:36, 20.65s/it]
 41%|████      | 122/300 [34:24<52:27, 17.68s/it]  
 41%|████      | 123/300 [34:38<48:40, 16.50s/it]
 41%|████▏     | 124/300 [34:56<49:36, 16.91s/it]
 42%|████▏     | 125/300 [35:16<51:57, 17.81s/it]
 42%|████▏     | 126/300 [35:28<46:46, 16.13s/it]
 42%|████▏     | 127/300 [35:41<43:40, 15.15s/it]
 43%|████▎     | 128/300 [36:01<47:45, 16.66s/it]
 43%|████▎     | 129/300 [36:22<50:54, 17.86s/it]
 43%|████▎     | 130/300 [36:38<48:54, 17.26s/it]
                                                 
{'loss': 0.0, 'grad_norm': 0.6163191199302673, 'learning_rate': 5.699999999999999e-07, 'rewards/reward_fn': 0.7895771898329258, 'reward': 0.7895771898329258, 'reward_std': 0.11838313909247518, 'completion_length': 40.9375, 'kl': 0.006390521136927419, 'epoch': 0.11}

 43%|████▎     | 130/300 [36:38<48:54, 17.26s/it]
 44%|████▎     | 131/300 [36:52<46:30, 16.51s/it]
 44%|████▍     | 132/300 [37:09<46:01, 16.44s/it]
 44%|████▍     | 133/300 [37:31<50:47, 18.25s/it]
 45%|████▍     | 134/300 [37:53<53:16, 19.26s/it]
 45%|████▌     | 135/300 [38:07<48:36, 17.68s/it]
 45%|████▌     | 136/300 [38:27<50:47, 18.58s/it]
 46%|████▌     | 137/300 [38:45<49:58, 18.40s/it]
 46%|████▌     | 138/300 [39:06<51:19, 19.01s/it]
 46%|████▋     | 139/300 [39:24<50:20, 18.76s/it]
 47%|████▋     | 140/300 [39:45<51:49, 19.43s/it]
                                                 
{'loss': 0.0, 'grad_norm': 1.0359090566635132, 'learning_rate': 5.366666666666666e-07, 'rewards/reward_fn': 0.8018705189228058, 'reward': 0.8018705189228058, 'reward_std': 0.16601845510303975, 'completion_length': 44.075, 'kl': 0.006503179839637596, 'epoch': 0.12}

 47%|████▋     | 140/300 [39:45<51:49, 19.43s/it]
 47%|████▋     | 141/300 [39:59<47:34, 17.95s/it]
 47%|████▋     | 142/300 [40:16<46:36, 17.70s/it]
 48%|████▊     | 143/300 [40:35<46:36, 17.81s/it]
 48%|████▊     | 144/300 [40:55<47:59, 18.46s/it]
 48%|████▊     | 145/300 [41:11<46:23, 17.96s/it]
 49%|████▊     | 146/300 [41:24<41:58, 16.36s/it]
 49%|████▉     | 147/300 [41:42<42:55, 16.83s/it]
 49%|████▉     | 148/300 [41:53<38:31, 15.21s/it]
 50%|████▉     | 149/300 [42:07<37:03, 14.73s/it]
 50%|█████     | 150/300 [42:19<35:08, 14.05s/it]
                                                 
{'loss': 0.0, 'grad_norm': 1.2276233434677124, 'learning_rate': 5.033333333333333e-07, 'rewards/reward_fn': 0.8757061429321766, 'reward': 0.8757061429321766, 'reward_std': 0.08270541727542877, 'completion_length': 37.5, 'kl': 0.010386222212036954, 'epoch': 0.13}

 50%|█████     | 150/300 [42:19<35:08, 14.05s/it]
 50%|█████     | 151/300 [42:38<37:56, 15.28s/it]
 51%|█████     | 152/300 [43:00<43:02, 17.45s/it]
 51%|█████     | 153/300 [43:14<40:18, 16.45s/it]
 51%|█████▏    | 154/300 [43:31<40:29, 16.64s/it]
 52%|█████▏    | 155/300 [43:49<41:22, 17.12s/it]
 52%|█████▏    | 156/300 [44:03<38:16, 15.95s/it]
 52%|█████▏    | 157/300 [44:19<38:18, 16.07s/it]
 53%|█████▎    | 158/300 [44:36<38:39, 16.33s/it]
 53%|█████▎    | 159/300 [44:56<40:39, 17.30s/it]
 53%|█████▎    | 160/300 [45:09<37:47, 16.20s/it]
                                                 
{'loss': 0.0, 'grad_norm': 1.2679874897003174, 'learning_rate': 4.6999999999999995e-07, 'rewards/reward_fn': 0.8069769114255905, 'reward': 0.8069769114255905, 'reward_std': 0.12364430502057075, 'completion_length': 40.575, 'kl': 0.00538394254317609, 'epoch': 0.14}

 53%|█████▎    | 160/300 [45:09<37:47, 16.20s/it]
 54%|█████▎    | 161/300 [45:27<38:25, 16.58s/it]
 54%|█████▍    | 162/300 [45:43<37:54, 16.48s/it]
 54%|█████▍    | 163/300 [46:02<39:35, 17.34s/it]
 55%|█████▍    | 164/300 [46:20<39:22, 17.37s/it]
 55%|█████▌    | 165/300 [46:39<40:10, 17.86s/it]
 55%|█████▌    | 166/300 [46:53<37:14, 16.67s/it]
 56%|█████▌    | 167/300 [47:14<39:48, 17.96s/it]
 56%|█████▌    | 168/300 [47:31<39:15, 17.84s/it]
 56%|█████▋    | 169/300 [47:45<36:16, 16.61s/it]
 57%|█████▋    | 170/300 [47:57<33:18, 15.37s/it]
                                                 
{'loss': 0.0, 'grad_norm': 1.0487314462661743, 'learning_rate': 4.3666666666666663e-07, 'rewards/reward_fn': 0.850162661075592, 'reward': 0.850162661075592, 'reward_std': 0.14522397238761187, 'completion_length': 39.4, 'kl': 0.004688656266080215, 'epoch': 0.14}

 57%|█████▋    | 170/300 [47:57<33:18, 15.37s/it]
 57%|█████▋    | 171/300 [48:14<33:58, 15.80s/it]
 57%|█████▋    | 172/300 [48:37<38:32, 18.06s/it]
 58%|█████▊    | 173/300 [48:53<36:55, 17.45s/it]
 58%|█████▊    | 174/300 [49:15<39:24, 18.76s/it]
 58%|█████▊    | 175/300 [49:28<35:32, 17.06s/it]
 59%|█████▊    | 176/300 [49:44<34:29, 16.69s/it]
 59%|█████▉    | 177/300 [50:00<33:35, 16.39s/it]
 59%|█████▉    | 178/300 [50:14<31:37, 15.55s/it]
 60%|█████▉    | 179/300 [50:37<36:26, 18.07s/it]
 60%|██████    | 180/300 [50:56<36:12, 18.10s/it]
                                                 
{'loss': 0.0, 'grad_norm': 1.3309102058410645, 'learning_rate': 4.033333333333333e-07, 'rewards/reward_fn': 0.7777138218283653, 'reward': 0.7777138218283653, 'reward_std': 0.19695514179766177, 'completion_length': 41.1875, 'kl': 0.007238599359698128, 'epoch': 0.15}

 60%|██████    | 180/300 [50:56<36:12, 18.10s/it]
 60%|██████    | 181/300 [51:11<34:26, 17.36s/it]
 61%|██████    | 182/300 [51:28<33:57, 17.27s/it]
 61%|██████    | 183/300 [51:52<37:22, 19.17s/it]
 61%|██████▏   | 184/300 [52:11<37:12, 19.24s/it]
 62%|██████▏   | 185/300 [52:24<33:07, 17.28s/it]
 62%|██████▏   | 186/300 [52:40<32:01, 16.85s/it]
 62%|██████▏   | 187/300 [52:57<31:56, 16.96s/it]
 63%|██████▎   | 188/300 [53:18<33:58, 18.20s/it]
 63%|██████▎   | 189/300 [53:35<32:56, 17.80s/it]
 63%|██████▎   | 190/300 [53:47<29:18, 15.99s/it]
                                                 
{'loss': 0.0, 'grad_norm': 4.1375861167907715, 'learning_rate': 3.7e-07, 'rewards/reward_fn': 0.7885371327400208, 'reward': 0.7885371327400208, 'reward_std': 0.16674400586634874, 'completion_length': 41.8, 'kl': 0.013049830692034447, 'epoch': 0.16}

 63%|██████▎   | 190/300 [53:47<29:18, 15.99s/it]
 64%|██████▎   | 191/300 [54:00<27:39, 15.22s/it]
 64%|██████▍   | 192/300 [54:15<27:21, 15.20s/it]
 64%|██████▍   | 193/300 [54:28<25:43, 14.43s/it]
 65%|██████▍   | 194/300 [54:41<24:48, 14.05s/it]
 65%|██████▌   | 195/300 [55:06<30:05, 17.20s/it]
 65%|██████▌   | 196/300 [55:20<28:23, 16.38s/it]
 66%|██████▌   | 197/300 [55:32<25:37, 14.93s/it]
 66%|██████▌   | 198/300 [55:51<27:22, 16.10s/it]
 66%|██████▋   | 199/300 [56:10<28:47, 17.10s/it]
 67%|██████▋   | 200/300 [56:32<30:45, 18.45s/it]
                                                 
{'loss': 0.0, 'grad_norm': 0.0017612995579838753, 'learning_rate': 3.3666666666666664e-07, 'rewards/reward_fn': 0.8167719542980194, 'reward': 0.8167719542980194, 'reward_std': 0.10256094578653574, 'completion_length': 39.6125, 'kl': 0.008329341297212522, 'epoch': 0.17}

 67%|██████▋   | 200/300 [56:32<30:45, 18.45s/it]
 67%|██████▋   | 201/300 [56:52<31:33, 19.13s/it]
 67%|██████▋   | 202/300 [57:07<28:49, 17.65s/it]
 68%|██████▊   | 203/300 [57:24<28:25, 17.58s/it]
 68%|██████▊   | 204/300 [57:37<25:51, 16.17s/it]
 68%|██████▊   | 205/300 [57:53<25:29, 16.10s/it]
 69%|██████▊   | 206/300 [58:09<25:28, 16.26s/it]
 69%|██████▉   | 207/300 [58:21<23:09, 14.94s/it]
 69%|██████▉   | 208/300 [58:37<23:08, 15.10s/it]
 70%|██████▉   | 209/300 [58:50<22:06, 14.58s/it]
 70%|███████   | 210/300 [59:09<23:45, 15.84s/it]
                                                 
{'loss': 0.0, 'grad_norm': 0.4473041296005249, 'learning_rate': 3.033333333333333e-07, 'rewards/reward_fn': 0.8704211622476578, 'reward': 0.8704211622476578, 'reward_std': 0.09312795884907246, 'completion_length': 37.7, 'kl': 0.005101870136422803, 'epoch': 0.18}

 70%|███████   | 210/300 [59:09<23:45, 15.84s/it]
 70%|███████   | 211/300 [59:31<26:11, 17.66s/it]
 71%|███████   | 212/300 [59:49<25:58, 17.72s/it]
 71%|███████   | 213/300 [1:00:05<25:18, 17.46s/it]
 71%|███████▏  | 214/300 [1:00:19<23:28, 16.37s/it]
 72%|███████▏  | 215/300 [1:00:32<21:44, 15.34s/it]
 72%|███████▏  | 216/300 [1:00:44<19:50, 14.17s/it]
 72%|███████▏  | 217/300 [1:00:59<20:12, 14.61s/it]
 73%|███████▎  | 218/300 [1:01:15<20:21, 14.89s/it]
 73%|███████▎  | 219/300 [1:01:32<20:55, 15.50s/it]
 73%|███████▎  | 220/300 [1:01:44<19:19, 14.49s/it]
                                                   
{'loss': 0.0, 'grad_norm': 2.2409679889678955, 'learning_rate': 2.7e-07, 'rewards/reward_fn': 0.8361024506390095, 'reward': 0.8361024506390095, 'reward_std': 0.14233578117564322, 'completion_length': 38.25, 'kl': 0.017869613343646052, 'epoch': 0.19}

 73%|███████▎  | 220/300 [1:01:44<19:19, 14.49s/it]
 74%|███████▎  | 221/300 [1:01:59<19:20, 14.70s/it]
 74%|███████▍  | 222/300 [1:02:17<20:25, 15.71s/it]
 74%|███████▍  | 223/300 [1:02:34<20:41, 16.13s/it]
 75%|███████▍  | 224/300 [1:02:53<21:18, 16.83s/it]
 75%|███████▌  | 225/300 [1:03:05<19:11, 15.35s/it]
 75%|███████▌  | 226/300 [1:03:21<19:15, 15.61s/it]
 76%|███████▌  | 227/300 [1:03:36<18:55, 15.56s/it]
 76%|███████▌  | 228/300 [1:03:50<17:50, 14.87s/it]
 76%|███████▋  | 229/300 [1:04:01<16:13, 13.71s/it]
 77%|███████▋  | 230/300 [1:04:17<16:47, 14.40s/it]
                                                   
{'loss': 0.0, 'grad_norm': 0.41679123044013977, 'learning_rate': 2.3666666666666664e-07, 'rewards/reward_fn': 0.8460666589438915, 'reward': 0.8460666589438915, 'reward_std': 0.08041973989456892, 'completion_length': 38.1125, 'kl': 0.0039494727352575865, 'epoch': 0.19}

 77%|███████▋  | 230/300 [1:04:17<16:47, 14.40s/it]
 77%|███████▋  | 231/300 [1:04:28<15:37, 13.59s/it]
 77%|███████▋  | 232/300 [1:04:43<15:47, 13.93s/it]
 78%|███████▊  | 233/300 [1:04:56<15:15, 13.67s/it]
 78%|███████▊  | 234/300 [1:05:07<14:11, 12.89s/it]
 78%|███████▊  | 235/300 [1:05:24<15:20, 14.15s/it]
 79%|███████▊  | 236/300 [1:05:43<16:42, 15.66s/it]
 79%|███████▉  | 237/300 [1:06:00<16:51, 16.05s/it]
 79%|███████▉  | 238/300 [1:06:11<14:52, 14.40s/it]
 80%|███████▉  | 239/300 [1:06:34<17:15, 16.97s/it]
 80%|████████  | 240/300 [1:06:48<16:11, 16.19s/it]
                                                   
{'loss': 0.0, 'grad_norm': 1.012178897857666, 'learning_rate': 2.0333333333333333e-07, 'rewards/reward_fn': 0.8947535783052445, 'reward': 0.8947535783052445, 'reward_std': 0.08245537546463311, 'completion_length': 35.8875, 'kl': 0.008859833702808828, 'epoch': 0.2}

 80%|████████  | 240/300 [1:06:48<16:11, 16.19s/it]
 80%|████████  | 241/300 [1:07:02<15:18, 15.57s/it]
 81%|████████  | 242/300 [1:07:20<15:39, 16.19s/it]
 81%|████████  | 243/300 [1:07:33<14:20, 15.10s/it]
 81%|████████▏ | 244/300 [1:07:51<15:04, 16.15s/it]
 82%|████████▏ | 245/300 [1:08:09<15:15, 16.64s/it]
 82%|████████▏ | 246/300 [1:08:29<15:55, 17.69s/it]
 82%|████████▏ | 247/300 [1:08:43<14:39, 16.59s/it]
 83%|████████▎ | 248/300 [1:08:57<13:46, 15.89s/it]
 83%|████████▎ | 249/300 [1:09:15<13:53, 16.35s/it]
 83%|████████▎ | 250/300 [1:09:32<13:43, 16.47s/it]
                                                   
{'loss': 0.0, 'grad_norm': 0.8980563879013062, 'learning_rate': 1.7000000000000001e-07, 'rewards/reward_fn': 0.829206133633852, 'reward': 0.829206133633852, 'reward_std': 0.13647211715579033, 'completion_length': 39.125, 'kl': 0.008497186810564017, 'epoch': 0.21}

 83%|████████▎ | 250/300 [1:09:32<13:43, 16.47s/it]
 84%|████████▎ | 251/300 [1:09:44<12:33, 15.39s/it]
 84%|████████▍ | 252/300 [1:09:57<11:37, 14.53s/it]
 84%|████████▍ | 253/300 [1:10:10<10:56, 13.96s/it]
 85%|████████▍ | 254/300 [1:10:23<10:35, 13.82s/it]
 85%|████████▌ | 255/300 [1:10:35<10:00, 13.35s/it]
 85%|████████▌ | 256/300 [1:10:51<10:13, 13.95s/it]
 86%|████████▌ | 257/300 [1:11:04<09:55, 13.84s/it]
 86%|████████▌ | 258/300 [1:11:20<10:00, 14.30s/it]
 86%|████████▋ | 259/300 [1:11:32<09:18, 13.63s/it]
 87%|████████▋ | 260/300 [1:11:46<09:10, 13.76s/it]
                                                   
{'loss': 0.0, 'grad_norm': 1.4274531602859497, 'learning_rate': 1.3666666666666665e-07, 'rewards/reward_fn': 0.8564929626882076, 'reward': 0.8564929626882076, 'reward_std': 0.10508556724525989, 'completion_length': 32.5625, 'kl': 0.007733521780755837, 'epoch': 0.22}

 87%|████████▋ | 260/300 [1:11:46<09:10, 13.76s/it]
 87%|████████▋ | 261/300 [1:11:59<08:46, 13.49s/it]
 87%|████████▋ | 262/300 [1:12:12<08:33, 13.52s/it]
 88%|████████▊ | 263/300 [1:12:26<08:28, 13.74s/it]
 88%|████████▊ | 264/300 [1:12:46<09:12, 15.33s/it]
 88%|████████▊ | 265/300 [1:13:08<10:13, 17.53s/it]
 89%|████████▊ | 266/300 [1:13:24<09:41, 17.10s/it]
 89%|████████▉ | 267/300 [1:13:35<08:17, 15.08s/it]
 89%|████████▉ | 268/300 [1:13:48<07:49, 14.67s/it]
 90%|████████▉ | 269/300 [1:14:03<07:32, 14.59s/it]
 90%|█████████ | 270/300 [1:14:20<07:41, 15.39s/it]
                                                   
{'loss': 0.0, 'grad_norm': 0.4711339473724365, 'learning_rate': 1.0333333333333333e-07, 'rewards/reward_fn': 0.8699952013790607, 'reward': 0.8699952013790607, 'reward_std': 0.11082514971494675, 'completion_length': 37.5625, 'kl': 0.006718424473365303, 'epoch': 0.23}

 90%|█████████ | 270/300 [1:14:20<07:41, 15.39s/it]
 90%|█████████ | 271/300 [1:14:38<07:49, 16.17s/it]
 91%|█████████ | 272/300 [1:14:50<07:00, 15.02s/it]
 91%|█████████ | 273/300 [1:15:13<07:48, 17.36s/it]
 91%|█████████▏| 274/300 [1:15:27<07:03, 16.30s/it]
 92%|█████████▏| 275/300 [1:15:51<07:41, 18.47s/it]
 92%|█████████▏| 276/300 [1:16:02<06:32, 16.37s/it]
 92%|█████████▏| 277/300 [1:16:21<06:36, 17.23s/it]
 93%|█████████▎| 278/300 [1:16:34<05:48, 15.84s/it]
 93%|█████████▎| 279/300 [1:16:50<05:33, 15.89s/it]
 93%|█████████▎| 280/300 [1:17:06<05:20, 16.03s/it]
                                                   
{'loss': 0.0, 'grad_norm': 0.0005744482041336596, 'learning_rate': 7e-08, 'rewards/reward_fn': 0.8347026593983173, 'reward': 0.8347026593983173, 'reward_std': 0.11344937924295664, 'completion_length': 39.9875, 'kl': 0.01197945327985508, 'epoch': 0.24}

 93%|█████████▎| 280/300 [1:17:06<05:20, 16.03s/it]
 94%|█████████▎| 281/300 [1:17:21<04:58, 15.72s/it]
 94%|█████████▍| 282/300 [1:17:33<04:22, 14.57s/it]
 94%|█████████▍| 283/300 [1:17:51<04:24, 15.54s/it]
 95%|█████████▍| 284/300 [1:18:07<04:12, 15.76s/it]
 95%|█████████▌| 285/300 [1:18:20<03:43, 14.88s/it]
 95%|█████████▌| 286/300 [1:18:32<03:17, 14.14s/it]
 96%|█████████▌| 287/300 [1:18:44<02:52, 13.28s/it]
 96%|█████████▌| 288/300 [1:18:56<02:34, 12.87s/it]
 96%|█████████▋| 289/300 [1:19:12<02:34, 14.03s/it]
 97%|█████████▋| 290/300 [1:19:31<02:33, 15.32s/it]
                                                   
{'loss': 0.0, 'grad_norm': 0.4101925194263458, 'learning_rate': 3.6666666666666664e-08, 'rewards/reward_fn': 0.8763141810894013, 'reward': 0.8763141810894013, 'reward_std': 0.09349246323108673, 'completion_length': 35.2, 'kl': 0.004427152224525344, 'epoch': 0.25}

 97%|█████████▋| 290/300 [1:19:31<02:33, 15.32s/it]
 97%|█████████▋| 291/300 [1:19:44<02:11, 14.63s/it]
 97%|█████████▋| 292/300 [1:20:03<02:07, 15.94s/it]
 98%|█████████▊| 293/300 [1:20:14<01:42, 14.69s/it]
 98%|█████████▊| 294/300 [1:20:26<01:23, 13.90s/it]
 98%|█████████▊| 295/300 [1:20:45<01:16, 15.29s/it]
 99%|█████████▊| 296/300 [1:20:58<00:57, 14.47s/it]
 99%|█████████▉| 297/300 [1:21:14<00:45, 15.17s/it]
 99%|█████████▉| 298/300 [1:21:34<00:33, 16.54s/it]
100%|█████████▉| 299/300 [1:21:49<00:16, 16.00s/it]
100%|██████████| 300/300 [1:22:02<00:00, 15.13s/it]
                                                   
{'loss': 0.0, 'grad_norm': 1.255440354347229, 'learning_rate': 3.3333333333333334e-09, 'rewards/reward_fn': 0.8279182367026806, 'reward': 0.8279182367026806, 'reward_std': 0.1599250194383785, 'completion_length': 36.7, 'kl': 0.006412694317987189, 'epoch': 0.25}

100%|██████████| 300/300 [1:22:02<00:00, 15.13s/it]
                                                   
{'train_runtime': 4923.7189, 'train_samples_per_second': 0.487, 'train_steps_per_second': 0.061, 'train_loss': 8.543607849181475e-06, 'epoch': 0.25}

100%|██████████| 300/300 [1:22:03<00:00, 15.13s/it]
100%|██████████| 300/300 [1:22:03<00:00, 16.41s/it]

[dev-select] evaluating outputs/b5_full_seed42/checkpoint-100

Loading checkpoint shards:   0%|          | 0/2 [00:00<?, ?it/s]
Loading checkpoint shards:  50%|█████     | 1/2 [00:01<00:01,  1.05s/it]
Loading checkpoint shards: 100%|██████████| 2/2 [00:01<00:00,  1.70it/s]
Loading checkpoint shards: 100%|██████████| 2/2 [00:01<00:00,  1.52it/s]
/usr/local/lib/python3.10/dist-packages/transformers/generation/configuration_utils.py:636: UserWarning: `do_sample` is set to `False`. However, `top_p` is set to `0.8` -- this flag is only used in sample-based generation modes. You should set `do_sample=True` or unset `top_p`.
  warnings.warn(
/usr/local/lib/python3.10/dist-packages/transformers/generation/configuration_utils.py:653: UserWarning: `do_sample` is set to `False`. However, `top_k` is set to `20` -- this flag is only used in sample-based generation modes. You should set `do_sample=True` or unset `top_k`.
  warnings.warn(
  evaluated 100/960
  evaluated 200/960
  evaluated 300/960
  evaluated 400/960
  evaluated 500/960
  evaluated 600/960
  evaluated 700/960
  evaluated 800/960
  evaluated 900/960

=======================================================
  va dev checkpoint-100
=======================================================
  Prior Weighted F1 : 0.6158   <- PRIMARY (t>=1, no x_t)
  Macro F1          : 0.6190
  Accuracy          : 0.6021
  Parse failures    : 47/960 (4.9%, scored wrong)

  Per-class F1:
    neutral         0.4653  #########
    frustration     0.6017  ############
    sadness         0.7262  ##############
    anger           0.6437  ############
    excited         0.7426  ##############
    happiness       0.5347  ##########

              precision    recall  f1-score   support

     neutral       0.49      0.44      0.47       151
 frustration       0.65      0.56      0.60       316
     sadness       0.87      0.62      0.73        98
       anger       0.58      0.73      0.64       219
     excited       0.74      0.75      0.74       118
   happiness       0.63      0.47      0.53        58

   micro avg       0.63      0.60      0.62       960
   macro avg       0.66      0.59      0.62       960
weighted avg       0.64      0.60      0.62       960


-------------------------------------------------------
  va dev checkpoint-100 -- ES / woES breakdown (same-speaker shift def.)
-------------------------------------------------------
  Emotion-shift (ES)   n=273   weighted F1=0.1981
  No-shift    (woES)   n=667   weighted F1=0.7928
  Undefined (no prior labelled turn) excluded: 20

[dev-select] evaluating outputs/b5_full_seed42/checkpoint-200

Loading checkpoint shards:   0%|          | 0/2 [00:00<?, ?it/s]
Loading checkpoint shards:  50%|█████     | 1/2 [00:01<00:01,  1.07s/it]
Loading checkpoint shards: 100%|██████████| 2/2 [00:01<00:00,  1.69it/s]
Loading checkpoint shards: 100%|██████████| 2/2 [00:01<00:00,  1.51it/s]
/usr/local/lib/python3.10/dist-packages/transformers/generation/configuration_utils.py:636: UserWarning: `do_sample` is set to `False`. However, `top_p` is set to `0.8` -- this flag is only used in sample-based generation modes. You should set `do_sample=True` or unset `top_p`.
  warnings.warn(
/usr/local/lib/python3.10/dist-packages/transformers/generation/configuration_utils.py:653: UserWarning: `do_sample` is set to `False`. However, `top_k` is set to `20` -- this flag is only used in sample-based generation modes. You should set `do_sample=True` or unset `top_k`.
  warnings.warn(
  evaluated 100/960
  evaluated 200/960
  evaluated 300/960
  evaluated 400/960
  evaluated 500/960
  evaluated 600/960
  evaluated 700/960
  evaluated 800/960
  evaluated 900/960

=======================================================
  va dev checkpoint-200
=======================================================
  Prior Weighted F1 : 0.6224   <- PRIMARY (t>=1, no x_t)
  Macro F1          : 0.6192
  Accuracy          : 0.6156
  Parse failures    : 28/960 (2.9%, scored wrong)

  Per-class F1:
    neutral         0.4527  #########
    frustration     0.6105  ############
    sadness         0.7101  ##############
    anger           0.6827  #############
    excited         0.7342  ##############
    happiness       0.5253  ##########

              precision    recall  f1-score   support

     neutral       0.46      0.44      0.45       151
 frustration       0.65      0.57      0.61       316
     sadness       0.85      0.61      0.71        98
       anger       0.61      0.78      0.68       219
     excited       0.73      0.74      0.73       118
   happiness       0.63      0.45      0.53        58

   micro avg       0.63      0.62      0.62       960
   macro avg       0.66      0.60      0.62       960
weighted avg       0.64      0.62      0.62       960


-------------------------------------------------------
  va dev checkpoint-200 -- ES / woES breakdown (same-speaker shift def.)
-------------------------------------------------------
  Emotion-shift (ES)   n=273   weighted F1=0.213
  No-shift    (woES)   n=667   weighted F1=0.7929
  Undefined (no prior labelled turn) excluded: 20

[dev-select] evaluating outputs/b5_full_seed42/checkpoint-300

Loading checkpoint shards:   0%|          | 0/2 [00:00<?, ?it/s]
Loading checkpoint shards:  50%|█████     | 1/2 [00:01<00:01,  1.05s/it]
Loading checkpoint shards: 100%|██████████| 2/2 [00:01<00:00,  1.72it/s]
Loading checkpoint shards: 100%|██████████| 2/2 [00:01<00:00,  1.53it/s]
/usr/local/lib/python3.10/dist-packages/transformers/generation/configuration_utils.py:636: UserWarning: `do_sample` is set to `False`. However, `top_p` is set to `0.8` -- this flag is only used in sample-based generation modes. You should set `do_sample=True` or unset `top_p`.
  warnings.warn(
/usr/local/lib/python3.10/dist-packages/transformers/generation/configuration_utils.py:653: UserWarning: `do_sample` is set to `False`. However, `top_k` is set to `20` -- this flag is only used in sample-based generation modes. You should set `do_sample=True` or unset `top_k`.
  warnings.warn(
  evaluated 100/960
  evaluated 200/960
  evaluated 300/960
  evaluated 400/960
  evaluated 500/960
  evaluated 600/960
  evaluated 700/960
  evaluated 800/960
  evaluated 900/960

=======================================================
  va dev checkpoint-300
=======================================================
  Prior Weighted F1 : 0.6308   <- PRIMARY (t>=1, no x_t)
  Macro F1          : 0.6263
  Accuracy          : 0.6229
  Parse failures    : 29/960 (3.0%, scored wrong)

  Per-class F1:
    neutral         0.4710  #########
    frustration     0.6284  ############
    sadness         0.7471  ##############
    anger           0.6653  #############
    excited         0.7458  ##############
    happiness       0.5000  ##########

              precision    recall  f1-score   support

     neutral       0.49      0.46      0.47       151
 frustration       0.67      0.59      0.63       316
     sadness       0.86      0.66      0.75        98
       anger       0.60      0.75      0.67       219
     excited       0.75      0.75      0.75       118
   happiness       0.60      0.43      0.50        58

   micro avg       0.64      0.62      0.63       960
   macro avg       0.66      0.61      0.63       960
weighted avg       0.65      0.62      0.63       960


-------------------------------------------------------
  va dev checkpoint-300 -- ES / woES breakdown (same-speaker shift def.)
-------------------------------------------------------
  Emotion-shift (ES)   n=273   weighted F1=0.1904
  No-shift    (woES)   n=667   weighted F1=0.8159
  Undefined (no prior labelled turn) excluded: 20

Loading checkpoint shards:   0%|          | 0/2 [00:00<?, ?it/s]
Loading checkpoint shards:  50%|█████     | 1/2 [00:01<00:01,  1.05s/it]
Loading checkpoint shards: 100%|██████████| 2/2 [00:01<00:00,  1.72it/s]
Loading checkpoint shards: 100%|██████████| 2/2 [00:01<00:00,  1.53it/s]
Selected outputs/b5_full_seed42/checkpoint-300 by dev weighted F1=0.6308
Final merged model: outputs/b5_full_seed42/best_dev_model
===== B5 FULL RUN COMPLETED =====
